URL,Último rastreo
https://www.ultimamilla.com.ar/antecedentes/257/hospital-a-italo-perrupato-sdi,2026-01-13
https://www.ultimamilla.com.ar/antecedentes/450/fuesmen-fundacion-escuela-medicina-nuclear-cablead,2026-01-13
https://ultimamilla.com.ar/antecedentes/349/procon-srl-sdi,2026-01-13
https://ultimamilla.com.ar/oldservicios,2026-01-13
https://www.ultimamilla.com.ar/antecedentes/216/jose-nucete-e-hijos-sa-telefonia,2026-01-13
https://www.ultimamilla.com.ar/antecedentes/271/flexcolor-sdi,2026-01-13
https://www.ultimamilla.com.ar/antecedentes/332/luna-maya-corrientes-debiles,2026-01-13
https://ultimamilla.com.ar/antecedentes/132/triunfo-cooperativa-de-seguros-limitada-redes-de-c,2026-01-13
https://ultimamilla.com.ar/antecedentes/337/municipalidad-de-san-martin-insumo-informatico,2026-01-13
https://ultimamilla.com.ar/antecedentes/7/servicios-y-consultoria-sa-redes-y-comunicaciones,2026-01-13
https://ultimamilla.com.ar/antecedentes/385/procon-srl-soporte-it,2026-01-12
https://ultimamilla.com.ar/antecedentes/45/isi-solutions-redes-y-comunicaciones,2026-01-12
https://www.ultimamilla.com.ar/antecedentes/203/obras-srl-soporte-it,2026-01-12
https://www.ultimamilla.com.ar/antecedentes/210/obras-srl-corrientes-debiles,2026-01-12
https://www.ultimamilla.com.ar/antecedentes/49/inspeccion-de-causes-asociadas-de-san-martin-redes,2026-01-12
https://www.ultimamilla.com.ar/antecedentes/62/distrocuyo-software-a-medida,2026-01-12
https://ultimamilla.com.ar/antecedentes/212/procon-srl-sonido,2026-01-12
https://ultimamilla.com.ar/antecedentes/25/acequia-tv-deteccion-incendioscorrientes-debiles,2026-01-12
https://ultimamilla.com.ar/antecedentes/309/camara-de-comercio-industria-y-agricultura-de-san-,2026-01-12
https://ultimamilla.com.ar/antecedentes/419/municipalidad-de-gral-san-martin-insumo-de-cablead,2026-01-12
https://ultimamilla.com.ar/antecedentes/457/aeropuertos-argentina-2000-fibra-optica,2026-01-12
https://ultimamilla.com.ar/antecedentes/67/pacha-collection-eeuu-software-a-medida,2026-01-12
https://ultimamilla.com.ar/antecedentes/74/bodega-domaine-bousquet-redes-y-comunicaciones,2026-01-12
https://ultimamilla.com.ar/antecedentes/99/universidad-nacional-de-cuyo-soporte-it,2026-01-12
https://www.ultimamilla.com.ar/antecedentes/201/aeropuertos-argentina-2000-sdi,2026-01-12
https://www.ultimamilla.com.ar/antecedentes/225/martinez-mauro-fernando-telefonia,2026-01-12
https://www.ultimamilla.com.ar/antecedentes/280/estudio-correa-cremaschi-telefonia,2026-01-12
https://www.ultimamilla.com.ar/antecedentes/345/fuente-mayor-sa-sdi,2026-01-12
https://www.ultimamilla.com.ar/antecedentes/431/kristich-desarrollos-cableado-estructurado,2026-01-12
https://www.ultimamilla.com.ar/antecedentes/445/cela-sa-mantenimiento-sistema-de-deteccion-de-ince,2026-01-12
https://www.ultimamilla.com.ar/antecedentes/60/conicet-software-a-medida,2026-01-12
https://www.ultimamilla.com.ar/index-backup-incomplete/,2026-01-12
https://www.ultimamilla.com.ar/antecedentes/346/municipalidad-de-san-martin-insumo-informatico,2026-01-12
https://www.ultimamilla.com.ar/antecedentes/421/municipalidad-de-gral-san-martin-insumo-informatic,2026-01-12
https://ultimamilla.com.ar/antecedentes/103/cerveceria-y-malteria-quilmes-cctv,2026-01-12
https://ultimamilla.com.ar/antecedentes/290/municipalidad-de-guaymallen-redes-de-cableado-estr,2026-01-12
https://ultimamilla.com.ar/antecedentes/310/procon-srl-soporte-it,2026-01-12
https://ultimamilla.com.ar/antecedentes/327/marsch-sa-sdi,2026-01-12
https://ultimamilla.com.ar/cli-dev,2026-01-11
https://www.ultimamilla.com.ar/antecedentes/128/cela-sa-soporte-it,2026-01-11
https://ultimamilla.com.ar/antecedentes/11102,2026-01-11
https://ultimamilla.com.ar/antecedentes/11159,2026-01-11
https://ultimamilla.com.ar/antecedentes/129/triunfo-cooperativa-de-seguros-limitada-redes-de-c,2026-01-11
https://ultimamilla.com.ar/antecedentes/215/aeropuertos-argentina-2000-redes-de-cableado-estru,2026-01-11
https://ultimamilla.com.ar/antecedentes/7/hospital-perrupato-redes-y-comunicaciones,2026-01-11
https://ultimamilla.com.ar/antecedentes/11178,2026-01-11
https://ultimamilla.com.ar/pages/,2026-01-10
https://www.ultimamilla.com.ar/antecedentes/375/obras-srl-soporte-it,2026-01-10
https://ultimamilla.com.ar/antecedentes/291/obras-srl-insumo-informatico,2026-01-10
https://ultimamilla.com.ar/antecedentes/408/luna-maya-redes-de-cableado-estructurado,2026-01-10
https://ultimamilla.com.ar/antecedentes/60/conicet-software-a-medida,2026-01-10
https://ultimamilla.com.ar/antecedentes/11009,2026-01-10
https://ultimamilla.com.ar/antecedentes/11186,2026-01-10
https://ultimamilla.com.ar/antecedentes/49/inspeccion-de-causes-asociadas-de-san-martin-redes,2026-01-09
https://ultimamilla.com.ar/antecedentes/62/distrocuyo-software-a-medida,2026-01-09
https://ultimamilla.com.ar/antecedentes/89/isi-solutions-redes-y-comunicaciones-deteccion-inc,2026-01-09
https://ultimamilla.com.ar/antecedentes/11109,2026-01-09
https://ultimamilla.com.ar/antecedentes/11170,2026-01-09
https://ultimamilla.com.ar/servicios/1,2026-01-09
https://www.ultimamilla.com.ar/antecedentes/135/garay-insumo-informatico,2026-01-09
https://www.ultimamilla.com.ar/antecedentes/138/poder-judicial-mendoza-redes-de-cableado-estructur,2026-01-09
https://www.ultimamilla.com.ar/antecedentes/259/aeropuertos-argentina-2000-insumo-informatico,2026-01-09
https://www.ultimamilla.com.ar/antecedentes/292/kristich-desarrollos-corrientes-debiles,2026-01-09
https://ultimamilla.com.ar/antecedentes/69/inspecciones-de-causes-asociadas-de-san-martin-sof,2026-01-09
https://ultimamilla.com.ar/antecedentes/70/inspeccion-montecaseros-software-a-medida,2026-01-09
https://www.ultimamilla.com.ar/cli-dev/,2026-01-08
https://ultimamilla.com.ar/antecedentes/10938,2026-01-08
https://www.ultimamilla.com.ar/antecedentes/130/ute-canandes-sa-windwest-sa-sdi,2026-01-08
https://www.ultimamilla.com.ar/antecedentes/392/cela-sa-sdi,2026-01-08
https://ultimamilla.com.ar/antecedentes/348/obras-srl-soporte-it,2026-01-08
https://ultimamilla.com.ar/antecedentes/76/gas-andes-redes-y-comunicaciones,2026-01-07
https://ultimamilla.com.ar/antecedentes/410/gamas-sdi,2026-01-07
https://ultimamilla.com.ar/antecedentes/65/san-justo-shopping-software-a-medida,2026-01-07
https://www.ultimamilla.com.ar/antecedentes/464/aeropuertos-argentina-2000-mantenimiento-del-siste,2026-01-07
https://ultimamilla.com.ar/antecedentes/municipalidad-de-guaymallen-redes-y-comunicaciones,2026-01-06
https://ultimamilla.com.ar/antecedentes/414/premix-sa-redes-de-cableado-estructurado,2026-01-06
https://www.ultimamilla.com.ar/antecedentes/104/secretaria-de-deporte-telefonia,2026-01-06
https://ultimamilla.com.ar/antecedentes/197/bodega-caro-sdi,2026-01-06
https://www.ultimamilla.com.ar/oldservicios/,2026-01-06
https://ultimamilla.com.ar/oldservicios/,2026-01-06
https://www.ultimamilla.com.ar/antecedentes/25/acequia-tv-deteccion-incendioscorrientes-debiles,2026-01-05
https://www.ultimamilla.com.ar/antecedentes/56/sandra-marzzan-software-a-medida,2026-01-05
https://www.ultimamilla.com.ar/antecedentes/70/inspeccion-montecaseros-software-a-medida,2026-01-05
https://www.ultimamilla.com.ar/antecedentes/89/isi-solutions-redes-y-comunicaciones-deteccion-inc,2026-01-05
https://ultimamilla.com.ar/antecedentes/hospital-a-italo-perrupato-mantenimiento-sistema-d,2026-01-05
https://ultimamilla.com.ar/antecedentes/56/sandra-marzzan-software-a-medida,2026-01-05
https://ultimamilla.com.ar/antecedentes/66/esquina-carlos-gardel-software-a-medida,2026-01-05
https://ultimamilla.com.ar/antecedentes/81/copa-america-2012-estadio-malvinas-argentinas-rede,2026-01-05
https://ultimamilla.com.ar/antecedentes/universidad-nacional-de-cuyo-redes-y-comunicacione,2026-01-05
https://ultimamilla.com.ar/antecedentes/copa-america-2012-estadio-malvinas-argentinas-rede,2026-01-05
https://www.ultimamilla.com.ar/antecedentes/304/municipalidad-de-tupungato-enlace,2026-01-05
https://ultimamilla.com.ar/antecedentes/379/municipalidad-de-guaymallen-cctv,2026-01-04
https://ultimamilla.com.ar/antecedentes/113/millan-sa-laur-olivicola-cctv,2026-01-04
https://ultimamilla.com.ar/antecedentes/372/municipalidad-de-san-martin-insumo-informatico,2026-01-04
https://ultimamilla.com.ar/antecedentes/aeropuertos-argentina-2000-redes-y-comunicaciones,2026-01-03
https://www.ultimamilla.com.ar/antecedentes/103/cerveceria-y-malteria-quilmes-cctv,2026-01-03
https://ultimamilla.com.ar/antecedentes/headcomm-sa-cableado-estructurado,2026-01-03
https://ultimamilla.com.ar/antecedentes/ministerio-de-desarrollo-social-salud-y-deportes-d,2026-01-03
https://ultimamilla.com.ar/antecedentes/aeropuertos-argentina-2000-sistema-de-control-de-a,2026-01-02
https://ultimamilla.com.ar/antecedentes/11175,2026-01-02
https://www.ultimamilla.com.ar/antecedentes/309/camara-de-comercio-industria-y-agricultura-de-san-,2026-01-02
https://ultimamilla.com.ar/antecedentes/91/centro-vinateros-y-bodegueros-del-este-software-a-,2026-01-02
https://ultimamilla.com.ar/antecedentes/287/procon-srl-sdi,2026-01-02
https://ultimamilla.com.ar/antecedentes/184/dar-salud-mar-del-plata-srl-cctv,2026-01-01
https://ultimamilla.com.ar/antecedentes/440/torre-victoriano-civit-redes-y-comunicaciones,2026-01-01
https://ultimamilla.com.ar/antecedentes/20/afip-redes-y-comunicaciones,2026-01-01
https://www.ultimamilla.com.ar/antecedentes/212/procon-srl-sonido,2026-01-01
https://ultimamilla.com.ar/antecedentes/aeropuertos-argentina-2000-mantenimiento-del-siste,2026-01-01
https://www.ultimamilla.com.ar/antecedentes/hospital-a-italo-perrupato-telefonia,2025-12-31
https://www.ultimamilla.com.ar/antecedentes/isi-solutions-redes-y-comunicaciones,2025-12-31
https://www.ultimamilla.com.ar/antecedentes/torre-laureana-y-hotel-fuente-mayor-redes-y-comuni,2025-12-31
https://www.ultimamilla.com.ar/antecedentes/337/municipalidad-de-san-martin-insumo-informatico,2025-12-31
https://ultimamilla.com.ar/antecedentes/29/camara-de-comercio-de-san-martin-redes-y-comunicac,2025-12-30
https://www.ultimamilla.com.ar/antecedentes/hospital-a-italo-perrupato-sdi,2025-12-30
https://ultimamilla.com.ar/antecedentes/66,2025-12-30
https://www.ultimamilla.com.ar/antecedentes/71/isi-solutions-software-a-medida,2025-12-30
https://ultimamilla.com.ar/antecedentes/114/municipalidad-de-godoy-cruz-redes-de-cableado-estr,2025-12-30
https://ultimamilla.com.ar/antecedentes/26/jose-nuecete-hijos-redes-y-comunicaciones,2025-12-30
https://ultimamilla.com.ar/antecedentes/281/hospital-a-italo-perrupato-telefonia,2025-12-30
https://ultimamilla.com.ar/antecedentes/411/premix-sa-redes-de-cableado-estructurado,2025-12-30
https://ultimamilla.com.ar/test-directus/,2025-12-30
https://www.ultimamilla.com.ar/antecedentes/310/procon-srl-soporte-it,2025-12-29
https://www.ultimamilla.com.ar/antecedentes/99/app-de-altas-de-visitas-parques-nacionales,2025-12-29
https://www.ultimamilla.com.ar/antecedentes/99/universidad-nacional-de-cuyo-soporte-it,2025-12-29
https://ultimamilla.com.ar/antecedentes/170/afip-sdi,2025-12-29
https://ultimamilla.com.ar/antecedentes/467/cela-sa-sdi,2025-12-29
https://ultimamilla.com.ar/antecedentes/334/procon-srl-redes-de-cableado-estructurado,2025-12-28
https://ultimamilla.com.ar/antecedentes/10940,2025-12-28
https://ultimamilla.com.ar/antecedentes/33/gas-andes-redes-y-comunicaciones,2025-12-28
https://ultimamilla.com.ar/antecedentes/85/procon-srl-redes-y-comunicaciones-deteccion-incend,2025-12-27
https://ultimamilla.com.ar/antecedentes/390/kristich-desarrollos-sdi,2025-12-27
https://ultimamilla.com.ar/antecedentes/200/jose-nucete-e-hijos-sa-cctv,2025-12-27
https://ultimamilla.com.ar/antecedentes/369/hospital-a-italo-perrupato-sdi,2025-12-27
https://www.ultimamilla.com.ar/antecedentes/153/jose-nucete-e-hijos-sa-telefonia,2025-12-26
https://ultimamilla.com.ar/antecedentes/10965,2025-12-26
https://www.ultimamilla.com.ar/antecedentes/291/obras-srl-insumo-informatico,2025-12-26
https://www.ultimamilla.com.ar/antecedentes/327/marsch-sa-sdi,2025-12-26
https://ultimamilla.com.ar/antecedentes/314/los-silos-club-sa-cctv,2025-12-26
https://ultimamilla.com.ar/antecedentes/122/procon-srl-proyectos-de-telecomunicaciones,2025-12-25
https://ultimamilla.com.ar/antecedentes/119,2025-12-25
https://ultimamilla.com.ar/antecedentes/10977,2025-12-25
https://www.ultimamilla.com.ar/antecedentes/97/jose-nucete-e-hijos-sa-telefonia,2025-12-25
https://ultimamilla.com.ar/antecedentes/97/jose-nucete-e-hijos-sa-telefonia,2025-12-25
https://ultimamilla.com.ar/antecedentes/10961,2025-12-25
https://www.ultimamilla.com.ar/antecedentes/457/aeropuertos-argentina-2000-fibra-optica,2025-12-25
https://ultimamilla.com.ar/antecedentes/447/jose-nucete-e-hijos-sa-sistema-de-cctv,2025-12-25
https://ultimamilla.com.ar/antecedentes/11032,2025-12-24
https://ultimamilla.com.ar/antecedentes/213/procon-srl-insumo-informatico,2025-12-24
https://www.ultimamilla.com.ar/antecedentes/50/indyca-srl-redes-y-comunicaciones,2025-12-24
https://ultimamilla.com.ar/directus/assets/4e066b09-281e-4d25-9c9e-07e39031c0aa,2025-12-24
https://ultimamilla.com.ar/antecedentes/10922,2025-12-24
https://ultimamilla.com.ar/antecedentes/10763,2025-12-24
https://ultimamilla.com.ar/antecedentes/138/poder-judicial-mendoza-redes-de-cableado-estructur,2025-12-24
https://ultimamilla.com.ar/antecedentes/225/martinez-mauro-fernando-telefonia,2025-12-24
https://ultimamilla.com.ar/antecedentes/257/hospital-a-italo-perrupato-sdi,2025-12-24
https://ultimamilla.com.ar/antecedentes/431/kristich-desarrollos-cableado-estructurado,2025-12-24
https://ultimamilla.com.ar/antecedentes/445/cela-sa-mantenimiento-sistema-de-deteccion-de-ince,2025-12-24
https://ultimamilla.com.ar/antecedentes/11012,2025-12-24
https://ultimamilla.com.ar/antecedentes/11075,2025-12-24
https://ultimamilla.com.ar/antecedentes/11136,2025-12-24
https://ultimamilla.com.ar/antecedentes/119/construcciones-electromecanicas-del-oeste-sa-oha-c,2025-12-23
https://ultimamilla.com.ar/antecedentes/371/direccion-provincial-de-vialidad-de-mendoza-sdi,2025-12-23
https://ultimamilla.com.ar/antecedentes/446/jose-nucete-e-hijos-sa-sistema-de-cctv,2025-12-23
https://www.ultimamilla.com.ar/antecedentes/276/bodegas-y-vinedo-santa-elena-srl-insumo-informatic,2025-12-23
https://ultimamilla.com.ar/antecedentes/280/estudio-correa-cremaschi-telefonia,2025-12-23
https://ultimamilla.com.ar/antecedentes/292/kristich-desarrollos-corrientes-debiles,2025-12-23
https://ultimamilla.com.ar/antecedentes/436/administracion-tributaria-mendoza-atm-insumo-de-ca,2025-12-23
https://www.ultimamilla.com.ar/antecedentes/287/procon-srl-sdi,2025-12-23
https://ultimamilla.com.ar/antecedentes/152/municipalidad-de-guaymallen-telefonia,2025-12-22
https://ultimamilla.com.ar/antecedentes/179/procon-srl-laugero-construcciones-sa-union-transit,2025-12-22
https://www.ultimamilla.com.ar/antecedentes/414/premix-sa-redes-de-cableado-estructurado,2025-12-22
https://www.ultimamilla.com.ar/antecedentes/420/eqalq-srl-implementacion-de-cuenta-de-correo-y-car,2025-12-22
https://www.ultimamilla.com.ar/antecedentes/451/fuesmen-fundacion-escuela-medicina-nuclear-cablead,2025-12-22
https://ultimamilla.com.ar/antecedentes/162/procon-srl-cctv,2025-12-22
https://ultimamilla.com.ar/antecedentes/216/jose-nucete-e-hijos-sa-telefonia,2025-12-22
https://ultimamilla.com.ar/antecedentes/312/rac-srl-porteria,2025-12-22
https://ultimamilla.com.ar/antecedentes/34/isi-solutions-redes-y-comunicaciones,2025-12-22
https://ultimamilla.com.ar/antecedentes/375/obras-srl-soporte-it,2025-12-22
https://ultimamilla.com.ar/antecedentes/179/municipalidad-de-guaymallen-redes-de-cableado-estr,2025-12-21
https://ultimamilla.com.ar/antecedentes/60,2025-12-21
https://ultimamilla.com.ar/antecedentes/50,2025-12-21
https://ultimamilla.com.ar/antecedentes/11157,2025-12-21
https://ultimamilla.com.ar/antecedentes/128/cela-sa-soporte-it,2025-12-21
https://www.ultimamilla.com.ar/antecedentes/96/ministerio-de-ambiente-de-la-nacion-administracion,2025-12-20
https://ultimamilla.com.ar/antecedentes/203/obras-srl-soporte-it,2025-12-20
https://www.ultimamilla.com.ar/antecedentes/236/jose-nucete-e-hijos-sa-cctv,2025-12-20
https://www.ultimamilla.com.ar/antecedentes/432/hospital-teodoro-schestakow-telefonia,2025-12-20
https://ultimamilla.com.ar/antecedentes/277/camer-sa-insumo-informatico,2025-12-20
https://www.ultimamilla.com.ar/antecedentes/336/municipalidad-de-san-martin-insumo-informatico,2025-12-19
https://www.ultimamilla.com.ar/antecedentes/425/hospital-teodoro-schestakow-soporte-tecnico-para-e,2025-12-19
https://ultimamilla.com.ar/antecedentes/210/obras-srl-corrientes-debiles,2025-12-18
https://ultimamilla.com.ar/antecedentes/466/cela-sa-mantenimiento-sistema-de-deteccion-de-ince,2025-12-18
https://ultimamilla.com.ar/antecedentes/130/ute-canandes-sa-windwest-sa-sdi,2025-12-17
https://ultimamilla.com.ar/antecedentes/392/cela-sa-sdi,2025-12-17
https://ultimamilla.com.ar/antecedentes/421/municipalidad-de-gral-san-martin-insumo-informatic,2025-12-17
https://ultimamilla.com.ar/antecedentes/140/la-agricola-sa-redes-de-cableado-estructurado,2025-12-17
https://ultimamilla.com.ar/antecedentes/215/bodegas-y-vinedo-santa-elena-srl-insumo-informatic,2025-12-16
https://ultimamilla.com.ar/antecedentes/6/hospital-perrupato-redes-y-comunicaciones,2025-12-16
https://www.ultimamilla.com.ar/antecedentes/136/univercidad-del-aconcagua-sdi,2025-12-16
https://www.ultimamilla.com.ar/antecedentes/146/ute-canandes-sa-windwest-sa-sdi,2025-12-16
https://www.ultimamilla.com.ar/antecedentes/184/dar-salud-mar-del-plata-srl-cctv,2025-12-16
https://ultimamilla.com.ar/antecedentes/189/cela-sa-sdi,2025-12-16
https://ultimamilla.com.ar/antecedentes/360/obras-srl-telefonia,2025-12-16
https://ultimamilla.com.ar/antecedentes/97/procon-srl-soporte-it,2025-12-16
https://ultimamilla.com.ar/antecedentes/11184,2025-12-15
https://ultimamilla.com.ar/antecedentes/10950,2025-12-15
https://ultimamilla.com.ar/antecedentes/10980,2025-12-15
https://ultimamilla.com.ar/antecedentes/10/hotel-fuente-mayor-redes-y-comunicaciones,2025-12-15
https://ultimamilla.com.ar/antecedentes/464/aeropuertos-argentina-2000-mantenimiento-del-siste,2025-12-15
https://ultimamilla.com.ar/antecedentes/11143,2025-12-15
https://ultimamilla.com.ar/antecedentes/10736,2025-12-15
https://ultimamilla.com.ar/antecedentes/10990,2025-12-15
https://ultimamilla.com.ar/antecedentes/10734,2025-12-14
https://ultimamilla.com.ar/antecedentes/277,2025-12-14
https://ultimamilla.com.ar/antecedentes/10875,2025-12-14
https://ultimamilla.com.ar/antecedentes/201/aeropuertos-argentina-2000-sdi,2025-12-14
https://ultimamilla.com.ar/antecedentes/206/cencosud-sdi,2025-12-14
https://ultimamilla.com.ar/antecedentes/304/municipalidad-de-tupungato-enlace,2025-12-14
https://ultimamilla.com.ar/antecedentes/11073,2025-12-14
https://ultimamilla.com.ar/antecedentes/271/flexcolor-sdi,2025-12-14
https://ultimamilla.com.ar/antecedentes/394/kamet-redes-de-cableado-estructurado,2025-12-14
https://www.ultimamilla.com.ar/servicios/5/servicios-it,2025-12-14
https://ultimamilla.com.ar/antecedentes/10921,2025-12-14
https://ultimamilla.com.ar/servicios/5/ciberseguridad,2025-12-13
https://www.ultimamilla.com.ar/antecedentes/213/procon-srl-insumo-informatico,2025-12-13
https://ultimamilla.com.ar/antecedentes/11063,2025-12-13
https://ultimamilla.com.ar/antecedentes/10930,2025-12-12
https://ultimamilla.com.ar/antecedentes/11068,2025-12-12
https://ultimamilla.com.ar/servicios/5/servicios-it,2025-12-12
https://ultimamilla.com.ar/about/index.html,2025-12-12
https://www.ultimamilla.com.ar/antecedentes/467/cela-sa-sdi,2025-12-11
https://ultimamilla.com.ar/antecedentes/10882,2025-12-11
https://ultimamilla.com.ar/antecedentes/10745,2025-12-11
https://ultimamilla.com.ar/antecedentes/10762,2025-12-11
https://ultimamilla.com.ar/antecedentes/10864,2025-12-11
https://ultimamilla.com.ar/antecedentes/11072,2025-12-11
https://ultimamilla.com.ar/antecedentes/11133,2025-12-11
https://ultimamilla.com.ar/antecedentes/11122,2025-12-11
https://ultimamilla.com.ar/antecedentes/11026,2025-12-11
https://www.ultimamilla.com.ar/antecedentes/314/los-silos-club-sa-cctv,2025-12-10
https://www.ultimamilla.com.ar/antecedentes/228/municipalidad-de-guaymallen-telefonia,2025-12-09
https://www.ultimamilla.com.ar/antecedentes/462/aeropuertos-argentina-2000-mantenimiento-del-siste,2025-12-09
https://ultimamilla.com.ar/antecedentes/10873,2025-12-07
https://www.ultimamilla.com.ar/antecedentes/436/administracion-tributaria-mendoza-atm-insumo-de-ca,2025-12-07
https://www.ultimamilla.com.ar/antecedentes/119/construcciones-electromecanicas-del-oeste-sa-oha-c,2025-12-07
https://www.ultimamilla.com.ar/antecedentes/371/direccion-provincial-de-vialidad-de-mendoza-sdi,2025-12-07
https://ultimamilla.com.ar/antecedentes/442/codigo-comercial-tendido-de-fibra-optica,2025-12-06
https://ultimamilla.com.ar/antecedentes/440/cela-sa-mantenimiento-sistema-de-deteccion-de-ince,2025-12-06
https://ultimamilla.com.ar/antecedentes/98/headcomm-sa-soporte-it,2025-12-06
https://ultimamilla.com.ar/antecedentes/10925,2025-12-05
https://ultimamilla.com.ar/antecedentes/10860,2025-12-05
https://www.ultimamilla.com.ar/antecedentes/152/municipalidad-de-guaymallen-telefonia,2025-12-05
https://ultimamilla.com.ar/antecedentes/115/andrea-molina-redes-de-cableado-estructurado,2025-12-04
https://ultimamilla.com.ar/antecedentes/177/kristich-desarrollos-corrientes-debiles,2025-12-04
https://www.ultimamilla.com.ar/antecedentes/215/bodegas-y-vinedo-santa-elena-srl-insumo-informatic,2025-12-04
https://www.ultimamilla.com.ar/antecedentes/290/municipalidad-de-guaymallen-redes-de-cableado-estr,2025-12-04
https://ultimamilla.com.ar/antecedentes/135/garay-insumo-informatico,2025-12-04
https://ultimamilla.com.ar/antecedentes/50/indyca-srl-redes-y-comunicaciones,2025-12-04
https://ultimamilla.com.ar/antecedentes/241/los-silos-club-sa-cctv,2025-12-04
https://ultimamilla.com.ar/antecedentes/10928,2025-12-04
https://ultimamilla.com.ar/antecedentes/10920,2025-12-03
https://ultimamilla.com.ar/antecedentes/11124,2025-12-03
https://ultimamilla.com.ar/antecedentes/10868,2025-12-03
https://ultimamilla.com.ar/antecedentes/10858,2025-12-03
https://ultimamilla.com.ar/antecedentes/10886,2025-12-03
https://ultimamilla.com.ar/antecedentes/10728,2025-12-03
https://ultimamilla.com.ar/antecedentes/372,2025-12-03
https://ultimamilla.com.ar/antecedentes/29,2025-12-03
https://ultimamilla.com.ar/antecedentes/26,2025-12-03
https://ultimamilla.com.ar/antecedentes/10914,2025-12-03
https://ultimamilla.com.ar/antecedentes/10956,2025-12-03
https://ultimamilla.com.ar/antecedentes/104/secretaria-de-deporte-telefonia,2025-12-03
https://ultimamilla.com.ar/antecedentes/420/eqalq-srl-implementacion-de-cuenta-de-correo-y-car,2025-12-03
https://ultimamilla.com.ar/antecedentes/10890,2025-12-02
https://www.ultimamilla.com.ar/antecedentes/192/bodega-caro-electrico,2025-12-02
https://www.ultimamilla.com.ar/antecedentes/277/camer-sa-insumo-informatico,2025-12-02
https://ultimamilla.com.ar/antecedentes/11125,2025-12-01
https://ultimamilla.com.ar/antecedentes/11115,2025-12-01
https://www.ultimamilla.com.ar/antecedentes/241/los-silos-club-sa-cctv,2025-12-01
https://www.ultimamilla.com.ar/antecedentes/96/portal-web-gubernamental,2025-12-01
https://www.ultimamilla.com.ar/antecedentes/161/cela-sa-mantenimiento-sistema-de-deteccion-de-ince,2025-11-30
https://www.ultimamilla.com.ar/antecedentes/162/municipalidad-de-guaymallen-soporte-it,2025-11-30
https://www.ultimamilla.com.ar/antecedentes/163/codigo-comercial-tendido-de-fibra-optica,2025-11-30
https://www.ultimamilla.com.ar/antecedentes/164/aeropuertos-argentina-2000-sistema-de-cctv,2025-11-30
https://www.ultimamilla.com.ar/antecedentes/165/hospital-a-italo-perrupato-soporte-it,2025-11-30
https://www.ultimamilla.com.ar/antecedentes/166/cela-sa-mantenimiento-sistema-de-deteccion-de-ince,2025-11-30
https://www.ultimamilla.com.ar/antecedentes/167/secretaria-de-deporte-redes-de-cableado-estructura,2025-11-30
https://www.ultimamilla.com.ar/antecedentes/168/triunfo-cooperativa-de-seguros-limitada-redes-de-c,2025-11-30
https://www.ultimamilla.com.ar/antecedentes/169/finca-lecumberri-srl-cctv,2025-11-30
https://www.ultimamilla.com.ar/antecedentes/170/ministerio-de-desarrollo-social-salud-y-deportes-d,2025-11-30
https://www.ultimamilla.com.ar/antecedentes/171/poder-judicial-mendoza-redes-de-cableado-estructur,2025-11-30
https://www.ultimamilla.com.ar/antecedentes/172/cela-sa-sdi,2025-11-30
https://www.ultimamilla.com.ar/antecedentes/173/cela-sa-sdi,2025-11-30
https://www.ultimamilla.com.ar/antecedentes/174/afip-sdi,2025-11-30
https://www.ultimamilla.com.ar/antecedentes/175/cela-sa-soporte-it,2025-11-30
https://www.ultimamilla.com.ar/antecedentes/176/procon-srl-porteria,2025-11-30
https://www.ultimamilla.com.ar/antecedentes/177/triunfo-cooperativa-de-seguros-limitada-redes-de-c,2025-11-30
https://www.ultimamilla.com.ar/antecedentes/178/municipalidad-de-guaymallen-electrico,2025-11-30
https://www.ultimamilla.com.ar/antecedentes/180/gamas-sdi,2025-11-30
https://ultimamilla.com.ar/antecedentes/153/jose-nucete-e-hijos-sa-telefonia,2025-11-30
https://www.ultimamilla.com.ar/antecedentes/284/procon-srl-insumo-informatico,2025-11-30
https://www.ultimamilla.com.ar/antecedentes/294/aeropuertos-argentina-2000-fibra-optica,2025-11-30
https://www.ultimamilla.com.ar/antecedentes/13/aeropuertos-argentina-2000-redes-y-comunicaciones,2025-11-30
https://www.ultimamilla.com.ar/antecedentes/361/fuente-mayor-sa-sdi,2025-11-29
https://www.ultimamilla.com.ar/antecedentes/226/procon-srl-laugero-construcciones-sa-union-transit,2025-11-29
https://ultimamilla.com.ar/antecedentes/346/municipalidad-de-san-martin-insumo-informatico,2025-11-29
https://ultimamilla.com.ar/antecedentes/10861,2025-11-28
https://ultimamilla.com.ar/antecedentes/10863,2025-11-28
https://ultimamilla.com.ar/antecedentes/11189,2025-11-28
https://ultimamilla.com.ar/sector/constructoras,2025-11-28
https://ultimamilla.com.ar/antecedentes/11013,2025-11-28
https://ultimamilla.com.ar/antecedentes/11010,2025-11-28
https://ultimamilla.com.ar/antecedentes/316/municipalidad-de-san-martin-insumo-informatico,2025-11-28
https://ultimamilla.com.ar/antecedentes/11014,2025-11-28
https://www.ultimamilla.com.ar/antecedentes/274/hospital-a-italo-perrupato-telefonia,2025-11-27
https://ultimamilla.com.ar/antecedentes/11001,2025-11-27
https://ultimamilla.com.ar/antecedentes/10877,2025-11-27
https://ultimamilla.com.ar/antecedentes/10902,2025-11-27
https://ultimamilla.com.ar/antecedentes/11155,2025-11-27
https://www.ultimamilla.com.ar/antecedentes/97/procon-srl-soporte-it,2025-11-27
https://www.ultimamilla.com.ar/antecedentes/405/procon-srl-insumo-informatico,2025-11-26
https://ultimamilla.com.ar/antecedentes/10900,2025-11-26
https://ultimamilla.com.ar/antecedentes/38/telecom-redes-y-comunicaciones,2025-11-26
https://ultimamilla.com.ar/antecedentes/83/estudio-acequia-tv-deteccion-incendioscorrientes-d,2025-11-26
https://ultimamilla.com.ar/antecedentes/11152,2025-11-25
https://www.ultimamilla.com.ar/antecedentes/144/ifx-networks-argentina-srl-fibra-optica,2025-11-25
https://ultimamilla.com.ar/antecedentes/11060,2025-11-25
http://ultimamilla.com.ar/ultimamilla.com.ar/,2025-11-24
https://ultimamilla.com.ar/antecedentes/10781,2025-11-22
https://ultimamilla.com.ar/antecedentes/291,2025-11-21
https://ultimamilla.com.ar/antecedentes/11135,2025-11-20
https://ultimamilla.com.ar/antecedentes/10739,2025-11-19
https://ultimamilla.com.ar/antecedentes/10953,2025-11-18
https://ultimamilla.com.ar/antecedentes/11023,2025-11-18
https://ultimamilla.com.ar/antecedentes/10913,2025-11-17
https://ultimamilla.com.ar/antecedentes/10746,2025-11-17
https://ultimamilla.com.ar/antecedentes/11180,2025-11-17
https://ultimamilla.com.ar/antecedentes/10805,2025-11-16
https://ultimamilla.com.ar/antecedentes/11047,2025-11-16
https://ultimamilla.com.ar/servicios/web-services-servicios-web/,2025-11-16
https://ultimamilla.com.ar/antecedentes/74,2025-11-15
https://ultimamilla.com.ar/antecedentes/290,2025-11-15
https://ultimamilla.com.ar/antecedentes/10912,2025-11-15
https://ultimamilla.com.ar/antecedentes/56,2025-11-15
https://ultimamilla.com.ar/antecedentes/11121,2025-11-14
https://ultimamilla.com.ar/antecedentes/414,2025-11-14
https://ultimamilla.com.ar/antecedentes/10811,2025-11-13
https://ultimamilla.com.ar/antecedentes/10780,2025-11-13
https://ultimamilla.com.ar/antecedentes/184,2025-11-13
https://ultimamilla.com.ar/servicios/software-a-medida/,2025-11-12
https://ultimamilla.com.ar/antecedentes/97,2025-11-12
https://ultimamilla.com.ar/antecedentes/10984,2025-11-12
https://ultimamilla.com.ar/antecedentes/10788,2025-11-12
https://ultimamilla.com.ar/antecedentes/10973,2025-11-12
https://ultimamilla.com.ar/antecedentes/11067,2025-11-11
https://ultimamilla.com.ar/antecedentes/371,2025-11-11
https://ultimamilla.com.ar/antecedentes/10756,2025-11-11
https://ultimamilla.com.ar/antecedentes/11145,2025-11-11
https://ultimamilla.com.ar/antecedentes/420,2025-11-11
https://ultimamilla.com.ar/antecedentes/10826,2025-11-11
https://ultimamilla.com.ar/antecedentes/10829,2025-11-11
https://ultimamilla.com.ar/servicios/2,2025-11-11
https://ultimamilla.com.ar/antecedentes/225,2025-11-10
https://ultimamilla.com.ar/antecedentes/10833,2025-11-09
https://ultimamilla.com.ar/antecedentes/10850,2025-11-09
https://ultimamilla.com.ar/antecedentes/10825,2025-11-09
https://ultimamilla.com.ar/antecedentes/10941,2025-11-09
https://ultimamilla.com.ar/antecedentes/410,2025-11-09
https://ultimamilla.com.ar/sector/publico/,2025-11-08
https://ultimamilla.com.ar/antecedentes/11174,2025-11-07
http://ultimamilla.com.ar/ultimamilla.com.ar,2025-11-05
https://www.ultimamilla.com.ar/antecedentes/303/cela-sa-sdi,2025-11-03
https://ultimamilla.com.ar/antecedentes/32/quilmes-deteccion-incendioscorrientes-debiles,2025-11-03
https://ultimamilla.com.ar/antecedentes/378/municipalidad-de-guaymallen-insumo-informatico,2025-11-03
https://ultimamilla.com.ar/servicios/telefonia-y-citofonia,2025-11-03
https://ultimamilla.com.ar/antecedentes/439/luna-maya-cableado-estructurado,2025-11-02
https://www.ultimamilla.com.ar/servicios/web-services-servicios-web/,2025-10-30
https://ultimamilla.com.ar/servicios/software-a-medida,2025-10-27
https://www.ultimamilla.com.ar/servicios/software-a-medida/,2025-10-25
https://ultimamilla.com.ar/servicios/seguridad/,2025-10-25
http://ultimamilla.com.ar/casos/gobierno-de-mendoza/,2025-10-21
https://www.ultimamilla.com.ar/casos/gobierno-de-mendoza-2/,2025-10-21
https://ultimamilla.com.ar/casos/asamblea-del-banco-interamericano-de-desarrollo-bid/,2025-10-20
https://ultimamilla.com.ar/casos/gobierno-de-mendoza/,2025-10-20
https://ultimamilla.com.ar/casos/teatro-nacional-cervantes/,2025-10-20
https://ultimamilla.com.ar/cache/,2025-10-20
http://ultimamilla.com.ar/sector/desarrollos-inmobiliarios/,2025-10-18
https://www.ultimamilla.com.ar/sector/desarrollos-inmobiliarios/,2025-10-18
https://www.ultimamilla.com.ar/casos/gobierno-de-mendoza/,2025-10-18
https://ultimamilla.com.ar/sector/desarrollos-inmobiliarios/,2025-10-18
https://ultimamilla.com.ar/casos/gobierno-de-mendoza-2/,2025-10-18
https://ultimamilla.com.ar/servicios/web/,2025-10-16
https://ultimamilla.com.ar/antecedentes/459/cela-sa-mantenimiento-sistema-de-deteccion-de-ince,2025-10-16
https://ultimamilla.com.ar/sector/;,2025-10-15
https://ultimamilla.com.ar/pages/index-optimized.astro.mjs,2025-10-15
https://ultimamilla.com.ar/servicios/redes-de-datos/,2025-10-14
https://ultimamilla.com.ar/servicios/analisis-datos,2025-10-13
https://ultimamilla.com.ar/servicios/apps-moviles,2025-10-13
http://ultimamilla.com.ar/ultimamilla.com.ar/servicios-,2025-10-12
https://ultimamilla.com.ar/antecedentes/37/telecom-redes-y-comunicaciones,2025-10-10
https://ultimamilla.com.ar/antecedentes/236/jose-nucete-e-hijos-sa-cctv,2025-10-09
https://ultimamilla.com.ar/uma/,2025-10-08
https://ultimamilla.com.ar/antecedentes/61/teatro-cervantes-software-a-medida,2025-10-08
https://www.ultimamilla.com.ar/antecedentes/446/jose-nucete-e-hijos-sa-sistema-de-cctv,2025-10-07
http://www.ultimamilla.com.ar/wp-content/uploads/2014/11/Ultima-Milla-Productos-Servicios-Antecedentes1.pdf,2025-10-07
http://ultimamilla.com.ar/servicios/seguridad/,2025-10-06
https://www.ultimamilla.com.ar/antecedentes/440/cela-sa-mantenimiento-sistema-de-deteccion-de-ince,2025-10-06
https://ultimamilla.com.ar/sector/salud/,2025-10-06
https://ultimamilla.com.ar/servicios/seguridad/?less_b=19699,2025-10-06
https://ultimamilla.com.ar/antecedentes/39/emepa-redes-y-comunicaciones,2025-10-05
https://ultimamilla.com.ar/antecedentes/425/hospital-teodoro-schestakow-soporte-tecnico-para-e,2025-10-05
https://www.ultimamilla.com.ar/servicios/seguridad/,2025-10-05
https://ultimamilla.com.ar/antecedentes/80/copa-america-2012-estadio-malvinas-argentinas-rede,2025-10-05
https://ultimamilla.com.ar/antecedentes/462/aeropuertos-argentina-2000-mantenimiento-del-siste,2025-10-05
https://ultimamilla.com.ar/pages/casos/,2025-10-04
https://ultimamilla.com.ar/antecedentes/432/hospital-teodoro-schestakow-telefonia,2025-10-03
https://ultimamilla.com.ar/antecedentes/16/torre-victoriano-civit-redes-y-comunicaciones,2025-10-03
https://ultimamilla.com.ar/antecedentes/30/universidad-maza-redes-y-comunicaciones,2025-10-03
https://ultimamilla.com.ar/antecedentes/42/cooperativa-de-alto-verde-redes-y-comunicaciones,2025-10-02
https://ultimamilla.com.ar/antecedentes/435/aeropuertos-argentina-2000-sistema-de-cctv,2025-10-02
https://ultimamilla.com.ar/antecedentes/106/departamento-general-de-irrigacion-redes-de-cablea,2025-09-30
https://ultimamilla.com.ar/antecedentes/53/inversora-pasip-redes-y-comunicaciones,2025-09-30
https://ultimamilla.com.ar/antecedentes/78/inversora-pasip-redes-y-comunicaciones,2025-09-30
https://www.ultimamilla.com.ar/servicios/web/,2025-09-27
https://ultimamilla.com.ar/antecedentes/276/bodegas-y-vinedo-santa-elena-srl-insumo-informatic,2025-09-27
https://ultimamilla.com.ar/antecedentes/336/municipalidad-de-san-martin-insumo-informatico,2025-09-26
http://ultimamilla.com.ar/servicios/redes-de-datos/,2025-09-26
https://www.ultimamilla.com.ar/servicios/redes-de-datos/,2025-09-25
https://ultimamilla.com.ar/antecedentes/389/jose-nucete-e-hijos-sa-cctv,2025-09-24
https://ultimamilla.com.ar/servicios/telefonia-y-citofonia/,2025-09-24
https://ultimamilla.com.ar/pages/servicios/,2025-09-24
https://ultimamilla.com.ar/pages/servicios/desarrollo-software.astro.mjs,2025-09-23
https://ultimamilla.com.ar/sector/,2025-09-23
https://ultimamilla.com.ar/antecedentes/123/martinez-mauro-fernando-sdi,2025-09-23
https://ultimamilla.com.ar/antecedentes/393/procon-srl-insumo-informatico,2025-09-23
https://ultimamilla.com.ar/pages/robots.txt.astro.mjs,2025-09-23
https://ultimamilla.com.ar/pages/blog/,2025-09-23
https://ultimamilla.com.ar/antecedentes/52/municipalidad-de-maipu-redes-y-comunicaciones,2025-09-23
https://ultimamilla.com.ar/antecedentes/72/jm-soluciones-redes-y-comunicaciones,2025-09-23
https://ultimamilla.com.ar/antecedentes/82/universidad-maza-deteccion-incendioscorrientes-deb,2025-09-23
https://ultimamilla.com.ar/pages/blog/old-index.astro.mjs,2025-09-22
https://ultimamilla.com.ar/antecedentes/48/bodega-domaine-bousquet-redes-y-comunicaciones,2025-09-22
https://ultimamilla.com.ar/antecedentes/55/gobierno-de-mendoza-software-a-medida,2025-09-22
https://ultimamilla.com.ar/antecedentes/93/gobierno-de-mendoza-software-a-medida,2025-09-22
https://ultimamilla.com.ar/pages/oldservicios.astro.mjs,2025-09-22
https://ultimamilla.com.ar/antecedentes/59/banco-credicoop-software-a-medida,2025-09-22
https://ultimamilla.com.ar/antecedentes/441/municipalidad-de-guaymallen-soporte-it,2025-09-22
https://ultimamilla.com.ar/antecedentes/58/supermercados-mayoristas-vital-software-a-medida,2025-09-22
https://ultimamilla.com.ar/antecedentes/9/municipalidad-de-guaymallen-redes-y-comunicaciones,2025-09-22
https://ultimamilla.com.ar/pages/blog.astro.mjs,2025-09-22
https://ultimamilla.com.ar/pages/rss.xml.astro.mjs,2025-09-21
https://ultimamilla.com.ar/antecedentes/92/inspeccion-de-cauces-asociadas-de-san-martin-softw,2025-09-21
https://ultimamilla.com.ar/pages/sitemap.xml.astro.mjs,2025-09-20
https://www.ultimamilla.com.ar/uma/,2025-09-19
https://ultimamilla.com.ar/uma,2025-09-19
https://ultimamilla.com.ar/antecedentes/35/telecom-redes-y-comunicaciones,2025-09-19
https://ultimamilla.com.ar/antecedentes/41/jm-soluciones-redes-y-comunicaciones,2025-09-19
http://www.ultimamilla.com.ar/cdn-cgi/l/email-protection,2025-09-19
https://ultimamilla.com.ar/antecedentes/136/univercidad-del-aconcagua-sdi,2025-09-18
https://ultimamilla.com.ar/antecedentes/57/vinoteca-ligier-software-a-medida,2025-09-18
https://ultimamilla.com.ar/sector/constructoras/,2025-09-17
https://ultimamilla.com.ar/sector,2025-09-17
http://www.ultimamilla.com.ar/root/fumbling-field/,2025-09-16
https://ultimamilla.com.ar/ultima-milla/,2025-09-16
https://ultimamilla.com.ar/antecedentes/96/ministerio-de-ambiente-de-la-nacion-administracion,2025-09-13
https://ultimamilla.com.ar/pages/about.astro.mjs,2025-09-12
https://ultimamilla.com.ar/pages/antecedentes/,2025-09-12
https://ultimamilla.com.ar/pages/test-directus.astro.mjs,2025-09-12
https://ultimamilla.com.ar/pages/admin/,2025-09-12
https://ultimamilla.com.ar/pages/nosotros.astro.mjs,2025-09-12
https://ultimamilla.com.ar/root/fumbling-field/,2025-09-11
http://ultimamilla.com.ar/sector,2025-09-10
http://ultimamilla.com.ar/servicios/,2025-09-08
http://ultimamilla.com.ar/servicios/telefonia-y-citofonia/,2025-09-08
http://ultimamilla.com.ar/sector/,2025-09-07
https://ultimamilla.com.ar/app/,2025-09-07
https://ultimamilla.com.ar/antecedentes/451/fuesmen-fundacion-escuela-medicina-nuclear-cablead,2025-09-04
https://ultimamilla.com.ar/_noop-middleware.mjs,2025-09-03
https://ultimamilla.com.ar/manifest_BlPFih7k.mjs,2025-09-03
https://ultimamilla.com.ar/images/,2025-09-03
https://ultimamilla.com.ar/servicios/seguridad/?less_w=22408,2025-09-03
https://www.ultimamilla.com.ar/servicios/apps-moviles,2025-09-02
https://www.ultimamilla.com.ar/privacidad,2025-09-02
https://www.ultimamilla.com.ar/servicios/analisis-datos,2025-09-02
https://www.ultimamilla.com.ar/servicios/bases-datos,2025-09-02
https://www.ultimamilla.com.ar/terminos,2025-09-02
https://ultimamilla.com.ar/chunks/,2025-08-30
https://www.ultimamilla.com.ar/sector/constructoras/,2025-08-30
https://ultimamilla.com.ar/ultimamilla.com.ar/quienes-somos/contacto/,2025-08-30
https://www.ultimamilla.com.ar/casos/casos/?less_ck=9062,2025-08-30
http://www.ultimamilla.com.ar/casos/,2025-08-29
http://ultimamilla.com.ar/ultima-milla/,2025-08-29
https://ultimamilla.com.ar/casos/casos/?less_ck=9062,2025-08-29
https://www.ultimamilla.com.ar/casos/casos/,2025-08-29
https://www.ultimamilla.com.ar/ultima-milla/,2025-08-29
https://ultimamilla.com.ar/ultima-milla,2025-08-29
https://ultimamilla.com.ar/renderers.mjs,2025-08-28
https://www.ultimamilla.com.ar/casos/,2025-08-27
https://ultimamilla.com.ar/casos/,2025-08-27
https://www.ultimamilla.com.ar/c.?less_ck=9062,2025-08-26
http://ultimamilla.com.ar/casos/,2025-08-25
https://www.ultimamilla.com.ar/cdn-cgi/l/email-protection,2025-08-23
https://www.ultimamilla.com.ar/app/,2025-08-22
https://ultimamilla.com.ar/webp/,2025-08-22
https://ultimamilla.com.ar/_noop-actions.mjs,2025-08-22
https://ultimamilla.com.ar/pages/items/,2025-08-22
https://ultimamilla.com.ar/dashboard/,2025-08-22
https://ultimamilla.com.ar/pages/servicios/soporte-tecnico.astro.mjs,2025-08-21
http://ultimamilla.com.ar/ultima-milla,2025-08-21
http://ultimamilla.com.ar/ultimamilla.com.ar/quienes-somos/contacto/,2025-08-19
http://ultimamilla.com.ar/metodologia/,2025-07-26
http://www.ultimamilla.com.ar/soluciones/,2025-07-26