directus-admin/uploads/8b48bcde-cef0-44a4-8129-06b6dd4a6551.png,ERROR: {"errors":[{"message":"An unexpected error occurred.","extensions":{"code":"INTERNAL_SERVER_ERROR"}}]}
directus-admin/uploads/ca144cde-bc34-47a3-a69f-9325bb7c9d06.png,ERROR: {"errors":[{"message":"An unexpected error occurred.","extensions":{"code":"INTERNAL_SERVER_ERROR"}}]}
directus-admin/uploads/c8dff02e-13dd-4b98-9b68-821270864432.png,ERROR: {"errors":[{"message":"An unexpected error occurred.","extensions":{"code":"INTERNAL_SERVER_ERROR"}}]}
directus-admin/uploads/8c48cfff-c74f-474b-871b-512bb1000835.png,ERROR: {"errors":[{"message":"An unexpected error occurred.","extensions":{"code":"INTERNAL_SERVER_ERROR"}}]}
directus-admin/uploads/d6d936ac-505f-4c88-a115-cd6d5429f70f.png,ERROR: {"errors":[{"message":"An unexpected error occurred.","extensions":{"code":"INTERNAL_SERVER_ERROR"}}]}
directus-admin/uploads/3fdda004-518e-4079-8268-0ed7fc57ae8f.png,ERROR: {"errors":[{"message":"An unexpected error occurred.","extensions":{"code":"INTERNAL_SERVER_ERROR"}}]}
directus-admin/uploads/f34082fd-bbb2-42a5-9acd-96f3a7c38f61.png,ERROR: {"errors":[{"message":"An unexpected error occurred.","extensions":{"code":"INTERNAL_SERVER_ERROR"}}]}
directus-admin/uploads/7d22631f-e303-4a8f-aa8c-a4e0f7415a99.png,ERROR: {"errors":[{"message":"An unexpected error occurred.","extensions":{"code":"INTERNAL_SERVER_ERROR"}}]}
directus-admin/uploads/2995ea83-1553-4504-9ae7-ef81e5dffce0.jpeg,ERROR: {"errors":[{"message":"An unexpected error occurred.","extensions":{"code":"INTERNAL_SERVER_ERROR"}}]}
directus-admin/uploads/30b0ebf7-8879-41c7-b1d1-da712fed1263.png,ERROR: {"errors":[{"message":"An unexpected error occurred.","extensions":{"code":"INTERNAL_SERVER_ERROR"}}]}
directus-admin/uploads/a79e8c0e-1686-4331-8c8b-798930d3ba27.png,ERROR: {"errors":[{"message":"An unexpected error occurred.","extensions":{"code":"INTERNAL_SERVER_ERROR"}}]}
directus-admin/uploads/f592b56e-6f65-4c97-b618-2eb5877ced55__7809681e43a17c0d8ad77890c0e89a2f36978e77.avif,ERROR: {"errors":[{"message":"An unexpected error occurred.","extensions":{"code":"INTERNAL_SERVER_ERROR"}}]}
directus-admin/uploads/22fa8c15-cf27-42f1-832f-482fd26543cd__7809681e43a17c0d8ad77890c0e89a2f36978e77.avif,ERROR: {"errors":[{"message":"An unexpected error occurred.","extensions":{"code":"INTERNAL_SERVER_ERROR"}}]}
directus-admin/uploads/689632a4-7b40-4dba-be22-9de6a3a17877.png,ERROR: {"errors":[{"message":"An unexpected error occurred.","extensions":{"code":"INTERNAL_SERVER_ERROR"}}]}
directus-admin/uploads/e5797b45-0739-438a-9336-5bdd870dbdf1.jpg,ERROR: {"errors":[{"message":"An unexpected error occurred.","extensions":{"code":"INTERNAL_SERVER_ERROR"}}]}
directus-admin/uploads/620cb4b4-91b0-4362-b9cd-8948754530d6.png,ERROR: {"errors":[{"message":"An unexpected error occurred.","extensions":{"code":"INTERNAL_SERVER_ERROR"}}]}
directus-admin/uploads/c944e958-df1e-43eb-b41e-26da2b8decd2.jpg,ERROR: {"errors":[{"message":"An unexpected error occurred.","extensions":{"code":"INTERNAL_SERVER_ERROR"}}]}
directus-admin/uploads/c37e6e24-2c97-48ee-b920-053e5191e60b.png,ERROR: {"errors":[{"message":"An unexpected error occurred.","extensions":{"code":"INTERNAL_SERVER_ERROR"}}]}
directus-admin/uploads/e06f3e3a-ff73-49d4-9c63-1e8eae490568.png,ERROR: {"errors":[{"message":"An unexpected error occurred.","extensions":{"code":"INTERNAL_SERVER_ERROR"}}]}
directus-admin/uploads/dae66a4b-6db0-4f7e-b00d-5d6f7b1dcbb9__f15aa4b815722867859d2a3fa46ab50834dfc8dc.avif,ERROR: {"errors":[{"message":"An unexpected error occurred.","extensions":{"code":"INTERNAL_SERVER_ERROR"}}]}
directus-admin/uploads/48d0016a-0b41-42ad-a63d-2ad886c16419.png,ERROR: {"errors":[{"message":"An unexpected error occurred.","extensions":{"code":"INTERNAL_SERVER_ERROR"}}]}
directus-admin/uploads/d59e1718-38a3-46a7-a5ef-668c51d9f246__f15aa4b815722867859d2a3fa46ab50834dfc8dc.avif,ERROR: {"errors":[{"message":"An unexpected error occurred.","extensions":{"code":"INTERNAL_SERVER_ERROR"}}]}
directus-admin/uploads/a8b6fcd9-e174-44a4-a2d9-f3f4553e16af__f15aa4b815722867859d2a3fa46ab50834dfc8dc.avif,ERROR: {"errors":[{"message":"An unexpected error occurred.","extensions":{"code":"INTERNAL_SERVER_ERROR"}}]}
directus-admin/uploads/34c1c179-b920-44b1-8615-49d813e77a53.png,ERROR: {"errors":[{"message":"An unexpected error occurred.","extensions":{"code":"INTERNAL_SERVER_ERROR"}}]}
directus-admin/uploads/5bae0cd2-47e0-4aa4-96d5-d7a16b0e1fd1.png,ERROR: {"errors":[{"message":"An unexpected error occurred.","extensions":{"code":"INTERNAL_SERVER_ERROR"}}]}
directus-admin/uploads/b07da565-fc6d-4eb2-ab3a-d42c4326a969__f15aa4b815722867859d2a3fa46ab50834dfc8dc.avif,ERROR: {"errors":[{"message":"An unexpected error occurred.","extensions":{"code":"INTERNAL_SERVER_ERROR"}}]}
directus-admin/uploads/4ffcefb0-6cb8-4cfa-a748-bd4c3da1d716__7abd30a2f63f675625d6888e2ed9d65992751e3c.avif,ERROR: {"errors":[{"message":"An unexpected error occurred.","extensions":{"code":"INTERNAL_SERVER_ERROR"}}]}
directus-admin/uploads/4a526175-accf-4b0a-9cb0-67ab2c542a3c.png,ERROR: {"errors":[{"message":"An unexpected error occurred.","extensions":{"code":"INTERNAL_SERVER_ERROR"}}]}
directus-admin/uploads/9c6cc814-4f13-4b6d-b3a7-4f50f0de52e2.png,ERROR: {"errors":[{"message":"An unexpected error occurred.","extensions":{"code":"INTERNAL_SERVER_ERROR"}}]}
directus-admin/uploads/858973d5-f277-4b47-8f9b-26f067bd6856.png,ERROR: {"errors":[{"message":"An unexpected error occurred.","extensions":{"code":"INTERNAL_SERVER_ERROR"}}]}
directus-admin/uploads/d1c1ded8-fcab-46da-af0f-3a97f39c0d80__f15aa4b815722867859d2a3fa46ab50834dfc8dc.avif,ERROR: {"errors":[{"message":"An unexpected error occurred.","extensions":{"code":"INTERNAL_SERVER_ERROR"}}]}
directus-admin/uploads/4b4d03e0-d7bb-419a-b332-4c8032bb7abe.png,ERROR: {"errors":[{"message":"An unexpected error occurred.","extensions":{"code":"INTERNAL_SERVER_ERROR"}}]}
directus-admin/uploads/9f0eec3a-2689-4e17-ab3c-0b6f094a65ea.png,ERROR: {"errors":[{"message":"An unexpected error occurred.","extensions":{"code":"INTERNAL_SERVER_ERROR"}}]}
directus-admin/uploads/4d8edbd0-7360-4f0d-a6c2-bdb025642b32.png,ERROR: {"errors":[{"message":"An unexpected error occurred.","extensions":{"code":"INTERNAL_SERVER_ERROR"}}]}
directus-admin/uploads/a792c1dc-9dff-4e7d-bdfb-a287f05212a6.jpeg,ERROR: {"errors":[{"message":"An unexpected error occurred.","extensions":{"code":"INTERNAL_SERVER_ERROR"}}]}
directus-admin/uploads/4f5d9694-27c3-4137-97ee-963105f2e57a.png,ERROR: {"errors":[{"message":"An unexpected error occurred.","extensions":{"code":"INTERNAL_SERVER_ERROR"}}]}
directus-admin/uploads/4c105228-f45b-4b77-9bdc-8c76483b8967.jpeg,ERROR: {"errors":[{"message":"An unexpected error occurred.","extensions":{"code":"INTERNAL_SERVER_ERROR"}}]}
directus-admin/uploads/2c3d9bd3-8caa-42b4-bcbc-98929f250956__f15aa4b815722867859d2a3fa46ab50834dfc8dc.avif,ERROR: {"errors":[{"message":"An unexpected error occurred.","extensions":{"code":"INTERNAL_SERVER_ERROR"}}]}
directus-admin/uploads/99c8de06-f768-4e2e-a08c-808644f401e8.png,ERROR: {"errors":[{"message":"An unexpected error occurred.","extensions":{"code":"INTERNAL_SERVER_ERROR"}}]}
directus-admin/uploads/440be9d4-f88f-4ff3-acf8-11802b5093a1.png,ERROR: {"errors":[{"message":"An unexpected error occurred.","extensions":{"code":"INTERNAL_SERVER_ERROR"}}]}
directus-admin/uploads/151eff19-b0cf-444d-9545-89f4ad8bf322__f15aa4b815722867859d2a3fa46ab50834dfc8dc.avif,ERROR: {"errors":[{"message":"An unexpected error occurred.","extensions":{"code":"INTERNAL_SERVER_ERROR"}}]}
directus-admin/uploads/8ff84af9-c55c-48fc-b8f0-86a8d1f51373.png,ERROR: {"errors":[{"message":"An unexpected error occurred.","extensions":{"code":"INTERNAL_SERVER_ERROR"}}]}
directus-admin/uploads/80e5e6b2-9e8e-4762-aa09-f756ecb77688.png,ERROR: {"errors":[{"message":"An unexpected error occurred.","extensions":{"code":"INTERNAL_SERVER_ERROR"}}]}
directus-admin/uploads/fce765b6-0a58-4543-b6e2-81698b3930de.png,ERROR: {"errors":[{"message":"An unexpected error occurred.","extensions":{"code":"INTERNAL_SERVER_ERROR"}}]}
directus-admin/uploads/827c8513-7cd8-4173-a329-8608fcec0e2b__f15aa4b815722867859d2a3fa46ab50834dfc8dc.avif,ERROR: {"errors":[{"message":"An unexpected error occurred.","extensions":{"code":"INTERNAL_SERVER_ERROR"}}]}
directus-admin/uploads/76ba1e6e-b940-4f0d-8058-3e2105d32256.png,ERROR: {"errors":[{"message":"An unexpected error occurred.","extensions":{"code":"INTERNAL_SERVER_ERROR"}}]}
directus-admin/uploads/4db86188-963e-4ba0-b0f1-b9b5a4a9b15d__f15aa4b815722867859d2a3fa46ab50834dfc8dc.avif,ERROR: {"errors":[{"message":"An unexpected error occurred.","extensions":{"code":"INTERNAL_SERVER_ERROR"}}]}
directus-admin/uploads/bf0f297d-408c-4aa0-9c7c-90a9200856b9.png,ERROR: {"errors":[{"message":"An unexpected error occurred.","extensions":{"code":"INTERNAL_SERVER_ERROR"}}]}
directus-admin/uploads/f11cd421-7d70-48ca-b8b5-7e7db89ffb76.jpeg,ERROR: {"errors":[{"message":"An unexpected error occurred.","extensions":{"code":"INTERNAL_SERVER_ERROR"}}]}
directus-admin/uploads/bf556437-ecda-441d-9c62-d4ff07ca85b3.png,ERROR: {"errors":[{"message":"An unexpected error occurred.","extensions":{"code":"INTERNAL_SERVER_ERROR"}}]}
directus-admin/uploads/a2e15706-8c6b-4747-8394-6d1664d7770b.png,ERROR: {"errors":[{"message":"An unexpected error occurred.","extensions":{"code":"INTERNAL_SERVER_ERROR"}}]}
directus-admin/uploads/fa9feb07-3620-460d-9bd3-fec7e3bf853d.jpg,ERROR: {"errors":[{"message":"An unexpected error occurred.","extensions":{"code":"INTERNAL_SERVER_ERROR"}}]}
directus-admin/uploads/94767adf-b595-40db-a788-927a92f4097a.png,ERROR: {"errors":[{"message":"An unexpected error occurred.","extensions":{"code":"INTERNAL_SERVER_ERROR"}}]}
directus-admin/uploads/334f6c76-0e88-4b69-9a60-11a549c41130.png,ERROR: {"errors":[{"message":"An unexpected error occurred.","extensions":{"code":"INTERNAL_SERVER_ERROR"}}]}
directus-admin/uploads/975f2c69-d1b5-4487-93b5-d936643e1ffe.png,ERROR: {"errors":[{"message":"An unexpected error occurred.","extensions":{"code":"INTERNAL_SERVER_ERROR"}}]}
directus-admin/uploads/c6917105-9080-422d-917c-fcf22891a9ab.png,ERROR: {"errors":[{"message":"An unexpected error occurred.","extensions":{"code":"INTERNAL_SERVER_ERROR"}}]}
directus-admin/uploads/5dfae644-7634-421e-9d9c-b4da4a073228.png,ERROR: {"errors":[{"message":"An unexpected error occurred.","extensions":{"code":"INTERNAL_SERVER_ERROR"}}]}
directus-admin/uploads/44b04df1-b67b-4383-92f3-1b1c102117f6__f15aa4b815722867859d2a3fa46ab50834dfc8dc.avif,ERROR: {"errors":[{"message":"An unexpected error occurred.","extensions":{"code":"INTERNAL_SERVER_ERROR"}}]}
directus-admin/uploads/948c06c8-9939-4f1e-a778-91aeb9d1f486.png,ERROR: {"errors":[{"message":"An unexpected error occurred.","extensions":{"code":"INTERNAL_SERVER_ERROR"}}]}
directus-admin/uploads/f2a65085-e6ad-49fc-a123-1b5dc19fc7ab.jpg,ERROR: {"errors":[{"message":"An unexpected error occurred.","extensions":{"code":"INTERNAL_SERVER_ERROR"}}]}
directus-admin/uploads/44b04df1-b67b-4383-92f3-1b1c102117f6.jpeg,ERROR: {"errors":[{"message":"An unexpected error occurred.","extensions":{"code":"INTERNAL_SERVER_ERROR"}}]}
directus-admin/uploads/0d6b7ff8-8d80-4333-a626-d9cf20d3f4ed.png,ERROR: {"errors":[{"message":"An unexpected error occurred.","extensions":{"code":"INTERNAL_SERVER_ERROR"}}]}
directus-admin/uploads/6c3d58b2-d717-438e-aa65-8b30c91c24eb.png,ERROR: {"errors":[{"message":"An unexpected error occurred.","extensions":{"code":"INTERNAL_SERVER_ERROR"}}]}
directus-admin/uploads/cc6b0961-1eb8-4dd3-a2b0-35ad82df495d.png,ERROR: {"errors":[{"message":"An unexpected error occurred.","extensions":{"code":"INTERNAL_SERVER_ERROR"}}]}
directus-admin/uploads/69464afd-3841-482f-8179-0f636159a698.png,ERROR: {"errors":[{"message":"An unexpected error occurred.","extensions":{"code":"INTERNAL_SERVER_ERROR"}}]}
directus-admin/uploads/01fe71c5-890a-49ef-b068-f4ba2c4140e9.png,ERROR: {"errors":[{"message":"An unexpected error occurred.","extensions":{"code":"INTERNAL_SERVER_ERROR"}}]}
directus-admin/uploads/ad946d9b-d645-43c8-be91-5456813ade29.png,ERROR: {"errors":[{"message":"An unexpected error occurred.","extensions":{"code":"INTERNAL_SERVER_ERROR"}}]}
directus-admin/uploads/22fa8c15-cf27-42f1-832f-482fd26543cd.jpeg,ERROR: {"errors":[{"message":"An unexpected error occurred.","extensions":{"code":"INTERNAL_SERVER_ERROR"}}]}
directus-admin/uploads/0d0df0c0-524e-462c-81d0-51d596c2ce45.jpeg,ERROR: {"errors":[{"message":"An unexpected error occurred.","extensions":{"code":"INTERNAL_SERVER_ERROR"}}]}
directus-admin/uploads/73a55213-117b-4ff6-a5ad-61caccc1d8d0.png,ERROR: {"errors":[{"message":"An unexpected error occurred.","extensions":{"code":"INTERNAL_SERVER_ERROR"}}]}
directus-admin/uploads/a46f0307-4d4a-45a6-a8fd-046abe4bf887.png,ERROR: {"errors":[{"message":"An unexpected error occurred.","extensions":{"code":"INTERNAL_SERVER_ERROR"}}]}
directus-admin/uploads/9e1b747b-c474-4596-bb2f-7d7f8763bdc8.png,ERROR: {"errors":[{"message":"An unexpected error occurred.","extensions":{"code":"INTERNAL_SERVER_ERROR"}}]}
directus-admin/uploads/05bcf8e8-e55d-419c-a45e-4adb954d10ab.jpg,ERROR: {"errors":[{"message":"An unexpected error occurred.","extensions":{"code":"INTERNAL_SERVER_ERROR"}}]}
directus-admin/uploads/c81bca17-b61e-44c8-a93c-8b789fb1db41.png,ERROR: {"errors":[{"message":"An unexpected error occurred.","extensions":{"code":"INTERNAL_SERVER_ERROR"}}]}
directus-admin/uploads/d4de545d-933a-448b-b4f1-3eb05f9e0832.png,ERROR: {"errors":[{"message":"An unexpected error occurred.","extensions":{"code":"INTERNAL_SERVER_ERROR"}}]}
directus-admin/uploads/05896eff-f746-495a-9102-a44326e7d9df.png,ERROR: {"errors":[{"message":"An unexpected error occurred.","extensions":{"code":"INTERNAL_SERVER_ERROR"}}]}
directus-admin/uploads/77a40471-0e17-4089-94ff-5daae2f03564.png,ERROR: {"errors":[{"message":"An unexpected error occurred.","extensions":{"code":"INTERNAL_SERVER_ERROR"}}]}
directus-admin/uploads/bad7d214-8ad4-4a2e-a707-4efcf24a9c55.jpeg,ERROR: {"errors":[{"message":"An unexpected error occurred.","extensions":{"code":"INTERNAL_SERVER_ERROR"}}]}
directus-admin/uploads/2a94d1c7-20ab-448d-8803-955bf8ed4a66__7809681e43a17c0d8ad77890c0e89a2f36978e77.avif,ERROR: {"errors":[{"message":"An unexpected error occurred.","extensions":{"code":"INTERNAL_SERVER_ERROR"}}]}
directus-admin/uploads/624b813c-9db4-48fe-85cd-3d19d17bd50b.png,ERROR: {"errors":[{"message":"An unexpected error occurred.","extensions":{"code":"INTERNAL_SERVER_ERROR"}}]}
directus-admin/uploads/b676fa21-d2bd-4208-9a1b-593775185e02.png,ERROR: {"errors":[{"message":"An unexpected error occurred.","extensions":{"code":"INTERNAL_SERVER_ERROR"}}]}
directus-admin/uploads/bdcad84e-a125-402a-9391-d760e2497cfa.png,ERROR: {"errors":[{"message":"An unexpected error occurred.","extensions":{"code":"INTERNAL_SERVER_ERROR"}}]}
directus-admin/uploads/bb7af1ba-3162-4aa6-9359-7d53b4f8fcd0.jpeg,ERROR: {"errors":[{"message":"An unexpected error occurred.","extensions":{"code":"INTERNAL_SERVER_ERROR"}}]}
directus-admin/uploads/309a32ca-1b4d-400a-83cc-b03f559e4351.png,ERROR: {"errors":[{"message":"An unexpected error occurred.","extensions":{"code":"INTERNAL_SERVER_ERROR"}}]}
directus-admin/uploads/04b06acf-831b-4b1d-bf74-ce6422fb5abb__f15aa4b815722867859d2a3fa46ab50834dfc8dc.avif,ERROR: {"errors":[{"message":"An unexpected error occurred.","extensions":{"code":"INTERNAL_SERVER_ERROR"}}]}
directus-admin/uploads/beee1471-b2c1-471e-8bcb-b8f5464e2cd3.png,ERROR: {"errors":[{"message":"An unexpected error occurred.","extensions":{"code":"INTERNAL_SERVER_ERROR"}}]}
directus-admin/uploads/447305d1-a6d7-4ffd-89fc-d960e2a41f1c.png,ERROR: {"errors":[{"message":"An unexpected error occurred.","extensions":{"code":"INTERNAL_SERVER_ERROR"}}]}
directus-admin/uploads/5ce99f65-2129-418b-a724-8411b6f9f1e5.png,ERROR: {"errors":[{"message":"An unexpected error occurred.","extensions":{"code":"INTERNAL_SERVER_ERROR"}}]}
directus-admin/uploads/4db86188-963e-4ba0-b0f1-b9b5a4a9b15d.png,ERROR: {"errors":[{"message":"An unexpected error occurred.","extensions":{"code":"INTERNAL_SERVER_ERROR"}}]}
directus-admin/uploads/23b2e312-e281-4df4-ba8f-2e7ec5cc2dd0__f15aa4b815722867859d2a3fa46ab50834dfc8dc.avif,ERROR: {"errors":[{"message":"An unexpected error occurred.","extensions":{"code":"INTERNAL_SERVER_ERROR"}}]}
directus-admin/uploads/55089416-1aa9-4ad3-8bd2-327157441bef.png,ERROR: {"errors":[{"message":"An unexpected error occurred.","extensions":{"code":"INTERNAL_SERVER_ERROR"}}]}
directus-admin/uploads/147774cd-3ab7-4843-8083-c393692ca6ac__f15aa4b815722867859d2a3fa46ab50834dfc8dc.avif,ERROR: {"errors":[{"message":"An unexpected error occurred.","extensions":{"code":"INTERNAL_SERVER_ERROR"}}]}
directus-admin/uploads/85b36fbc-e395-45b0-95e1-23df5b3ef7d9.png,ERROR: {"errors":[{"message":"An unexpected error occurred.","extensions":{"code":"INTERNAL_SERVER_ERROR"}}]}
directus-admin/uploads/79724acc-11ba-4df5-8e71-02bf695156ed.png,ERROR: {"errors":[{"message":"An unexpected error occurred.","extensions":{"code":"INTERNAL_SERVER_ERROR"}}]}
directus-admin/uploads/f691b36a-2f47-4909-bb7f-5d301dda818f.png,ERROR: {"errors":[{"message":"An unexpected error occurred.","extensions":{"code":"INTERNAL_SERVER_ERROR"}}]}
directus-admin/uploads/4966f1aa-3a35-4ec9-b72a-ee3000e11978.png,ERROR: {"errors":[{"message":"An unexpected error occurred.","extensions":{"code":"INTERNAL_SERVER_ERROR"}}]}
directus-admin/uploads/5eb13635-1ee1-42c6-9e1a-1472dc441543.jpeg,ERROR: {"errors":[{"message":"An unexpected error occurred.","extensions":{"code":"INTERNAL_SERVER_ERROR"}}]}
directus-admin/uploads/9055b74c-7aff-482d-8fa7-a1cc4cffeab9.png,ERROR: {"errors":[{"message":"An unexpected error occurred.","extensions":{"code":"INTERNAL_SERVER_ERROR"}}]}
directus-admin/uploads/c60ac0a8-11fe-4a1c-bd12-1f8bc56bb9d4.png,ERROR: {"errors":[{"message":"An unexpected error occurred.","extensions":{"code":"INTERNAL_SERVER_ERROR"}}]}
directus-admin/uploads/ea238e7f-4eae-4747-a13a-49a0d5baf7ab.png,ERROR: {"errors":[{"message":"An unexpected error occurred.","extensions":{"code":"INTERNAL_SERVER_ERROR"}}]}
directus-admin/uploads/59fe1824-6254-4a29-962d-46d1b7363043.png,ERROR: {"errors":[{"message":"An unexpected error occurred.","extensions":{"code":"INTERNAL_SERVER_ERROR"}}]}
directus-admin/uploads/a3339e2c-1629-4249-93ed-aac0d60c2fd5__f15aa4b815722867859d2a3fa46ab50834dfc8dc.avif,ERROR: {"errors":[{"message":"An unexpected error occurred.","extensions":{"code":"INTERNAL_SERVER_ERROR"}}]}
directus-admin/uploads/d6c03a6a-0808-4e97-967a-e866ca8d04b9__7809681e43a17c0d8ad77890c0e89a2f36978e77.avif,ERROR: {"errors":[{"message":"An unexpected error occurred.","extensions":{"code":"INTERNAL_SERVER_ERROR"}}]}
directus-admin/uploads/f402eff3-dbde-444f-a1e2-a3665b83635c.png,ERROR: {"errors":[{"message":"An unexpected error occurred.","extensions":{"code":"INTERNAL_SERVER_ERROR"}}]}
directus-admin/uploads/e5c0b30a-e645-47bc-949a-6d78006c93c1.png,ERROR: {"errors":[{"message":"An unexpected error occurred.","extensions":{"code":"INTERNAL_SERVER_ERROR"}}]}
directus-admin/uploads/248c5c29-8f10-4673-a4d7-73dd8542a532.jpeg,ERROR: {"errors":[{"message":"An unexpected error occurred.","extensions":{"code":"INTERNAL_SERVER_ERROR"}}]}
directus-admin/uploads/c4c866c5-4f52-4839-8bc8-50fc61c4e1e9.png,ERROR: {"errors":[{"message":"An unexpected error occurred.","extensions":{"code":"INTERNAL_SERVER_ERROR"}}]}
directus-admin/uploads/a3b1cc4e-2888-4e7c-a6d4-bcdf30c56775__f15aa4b815722867859d2a3fa46ab50834dfc8dc.avif,ERROR: {"errors":[{"message":"An unexpected error occurred.","extensions":{"code":"INTERNAL_SERVER_ERROR"}}]}
directus-admin/uploads/f003c02b-badb-4a34-989b-d9584206aeee__af089102d88a9ed1da1c19933f895a1ecbe0a4c4.jpeg,ERROR: {"errors":[{"message":"An unexpected error occurred.","extensions":{"code":"INTERNAL_SERVER_ERROR"}}]}
directus-admin/uploads/e0d17e86-019e-4f2a-a090-b97c7eb53474__f15aa4b815722867859d2a3fa46ab50834dfc8dc.avif,ERROR: {"errors":[{"message":"An unexpected error occurred.","extensions":{"code":"INTERNAL_SERVER_ERROR"}}]}
directus-admin/uploads/22fa8c15-cf27-42f1-832f-482fd26543cd__f15aa4b815722867859d2a3fa46ab50834dfc8dc.avif,ERROR: {"errors":[{"message":"An unexpected error occurred.","extensions":{"code":"INTERNAL_SERVER_ERROR"}}]}
directus-admin/uploads/bbdb8dda-e9d7-4cca-a43e-8f533baebb3d.jpeg,ERROR: {"errors":[{"message":"An unexpected error occurred.","extensions":{"code":"INTERNAL_SERVER_ERROR"}}]}
directus-admin/uploads/bb600560-5896-4f6f-aeda-f921ad1f1b2e.jpg,ERROR: {"errors":[{"message":"An unexpected error occurred.","extensions":{"code":"INTERNAL_SERVER_ERROR"}}]}
directus-admin/uploads/f592b56e-6f65-4c97-b618-2eb5877ced55__f15aa4b815722867859d2a3fa46ab50834dfc8dc.avif,ERROR: {"errors":[{"message":"An unexpected error occurred.","extensions":{"code":"INTERNAL_SERVER_ERROR"}}]}
directus-admin/uploads/8c541681-4900-4950-befd-8a51f1c8da34__f15aa4b815722867859d2a3fa46ab50834dfc8dc.avif,ERROR: {"errors":[{"message":"An unexpected error occurred.","extensions":{"code":"INTERNAL_SERVER_ERROR"}}]}
directus-admin/uploads/fdaa9f4c-2bc3-44a7-80ab-24b843293106__f15aa4b815722867859d2a3fa46ab50834dfc8dc.avif,ERROR: {"errors":[{"message":"An unexpected error occurred.","extensions":{"code":"INTERNAL_SERVER_ERROR"}}]}
directus-admin/uploads/4d255a5c-d8e4-4218-a182-7340fe367a2a.jpeg,ERROR: {"errors":[{"message":"An unexpected error occurred.","extensions":{"code":"INTERNAL_SERVER_ERROR"}}]}
directus-admin/uploads/cf3d970f-8c48-48c2-ba1f-be87d9520955.png,ERROR: {"errors":[{"message":"An unexpected error occurred.","extensions":{"code":"INTERNAL_SERVER_ERROR"}}]}
directus-admin/uploads/194d6794-0e9d-4e24-900b-380cefb2c0be.jpeg,ERROR: {"errors":[{"message":"An unexpected error occurred.","extensions":{"code":"INTERNAL_SERVER_ERROR"}}]}
directus-admin/uploads/3dcc73bd-fd13-4d78-98c4-802590198f78.jpeg,ERROR: {"errors":[{"message":"An unexpected error occurred.","extensions":{"code":"INTERNAL_SERVER_ERROR"}}]}
directus-admin/uploads/6645f752-31da-4895-98e2-4b5fbe2b666a.png,ERROR: {"errors":[{"message":"An unexpected error occurred.","extensions":{"code":"INTERNAL_SERVER_ERROR"}}]}
directus-admin/uploads/7c128ce0-aa03-42d6-92a7-f10389e9b7f3.png,ERROR: {"errors":[{"message":"An unexpected error occurred.","extensions":{"code":"INTERNAL_SERVER_ERROR"}}]}
directus-admin/uploads/88abcd92-3adc-45c2-b955-02e826f40b13.png,ERROR: {"errors":[{"message":"An unexpected error occurred.","extensions":{"code":"INTERNAL_SERVER_ERROR"}}]}
directus-admin/uploads/be7ef475-0f49-40c3-95c0-e38c629285d6.png,ERROR: {"errors":[{"message":"An unexpected error occurred.","extensions":{"code":"INTERNAL_SERVER_ERROR"}}]}
directus-admin/uploads/04693833-9f2b-463e-8e3e-e4a3390eeef4.png,ERROR: {"errors":[{"message":"An unexpected error occurred.","extensions":{"code":"INTERNAL_SERVER_ERROR"}}]}
directus-admin/uploads/5a9be4fc-ff30-47d6-85f1-2926b46b5a30.png,ERROR: {"errors":[{"message":"An unexpected error occurred.","extensions":{"code":"INTERNAL_SERVER_ERROR"}}]}
directus-admin/uploads/b930ea0e-c935-49bc-8baa-ce1c9f484293__f15aa4b815722867859d2a3fa46ab50834dfc8dc.avif,ERROR: {"errors":[{"message":"An unexpected error occurred.","extensions":{"code":"INTERNAL_SERVER_ERROR"}}]}
directus-admin/uploads/9e576f1d-8915-406a-9dcd-1f60902f844b.png,ERROR: {"errors":[{"message":"An unexpected error occurred.","extensions":{"code":"INTERNAL_SERVER_ERROR"}}]}
directus-admin/uploads/4114a245-a5d9-4d7b-b8ec-75f61a730023.png,ERROR: {"errors":[{"message":"An unexpected error occurred.","extensions":{"code":"INTERNAL_SERVER_ERROR"}}]}
directus-admin/uploads/3770c4f7-5194-405d-8f5f-f47e2f992eeb.png,ERROR: {"errors":[{"message":"An unexpected error occurred.","extensions":{"code":"INTERNAL_SERVER_ERROR"}}]}
directus-admin/uploads/13be2b8e-e487-4388-bac2-bbbfc6f44d47.png,ERROR: {"errors":[{"message":"An unexpected error occurred.","extensions":{"code":"INTERNAL_SERVER_ERROR"}}]}
directus-admin/uploads/16b9d5f3-bedc-417b-aee9-243dbe7a4751.png,ERROR: {"errors":[{"message":"An unexpected error occurred.","extensions":{"code":"INTERNAL_SERVER_ERROR"}}]}
directus-admin/uploads/b03c9e02-3c48-44ad-9fe6-7600dedf1709.png,ERROR: {"errors":[{"message":"An unexpected error occurred.","extensions":{"code":"INTERNAL_SERVER_ERROR"}}]}
directus-admin/uploads/1e0c10df-52ad-42a8-9b11-6e154b4bca4f.png,ERROR: {"errors":[{"message":"An unexpected error occurred.","extensions":{"code":"INTERNAL_SERVER_ERROR"}}]}
directus-admin/uploads/389b755f-8b2c-43f3-b676-cf005a67aa29.png,ERROR: {"errors":[{"message":"An unexpected error occurred.","extensions":{"code":"INTERNAL_SERVER_ERROR"}}]}
directus-admin/uploads/f3c82b10-9496-40a0-ab2d-e996fd1c0d40.jpg,ERROR: {"errors":[{"message":"An unexpected error occurred.","extensions":{"code":"INTERNAL_SERVER_ERROR"}}]}
directus-admin/uploads/850e9b39-6b2f-4c62-83c0-ecfde6fa7035.png,ERROR: {"errors":[{"message":"An unexpected error occurred.","extensions":{"code":"INTERNAL_SERVER_ERROR"}}]}
directus-admin/uploads/24a750ee-e877-45fc-b467-7b6e33ae049d.png,ERROR: {"errors":[{"message":"An unexpected error occurred.","extensions":{"code":"INTERNAL_SERVER_ERROR"}}]}
directus-admin/uploads/80cdbef1-6f14-465e-9247-3dd8444c9909.png,ERROR: {"errors":[{"message":"An unexpected error occurred.","extensions":{"code":"INTERNAL_SERVER_ERROR"}}]}
directus-admin/uploads/05bcf8e8-e55d-419c-a45e-4adb954d10ab__f15aa4b815722867859d2a3fa46ab50834dfc8dc.avif,ERROR: {"errors":[{"message":"An unexpected error occurred.","extensions":{"code":"INTERNAL_SERVER_ERROR"}}]}
directus-admin/uploads/4ab7c4d1-aabc-417f-bf53-af1e2981b86e.png,ERROR: {"errors":[{"message":"An unexpected error occurred.","extensions":{"code":"INTERNAL_SERVER_ERROR"}}]}
directus-admin/uploads/d9e0fe80-8e7b-4db4-a6b9-4bccb5cde530.png,ERROR: {"errors":[{"message":"An unexpected error occurred.","extensions":{"code":"INTERNAL_SERVER_ERROR"}}]}
directus-admin/uploads/916be1eb-dadd-47c8-bbf1-45fb5537d7f7.png,ERROR: {"errors":[{"message":"An unexpected error occurred.","extensions":{"code":"INTERNAL_SERVER_ERROR"}}]}
directus-admin/uploads/76ba1e6e-b940-4f0d-8058-3e2105d32256__f15aa4b815722867859d2a3fa46ab50834dfc8dc.avif,ERROR: {"errors":[{"message":"An unexpected error occurred.","extensions":{"code":"INTERNAL_SERVER_ERROR"}}]}
directus-admin/uploads/fc4519f4-1695-4d35-867e-d370ed0b15a0.png,ERROR: {"errors":[{"message":"An unexpected error occurred.","extensions":{"code":"INTERNAL_SERVER_ERROR"}}]}
directus-admin/uploads/5008eab1-6fa8-415d-8f11-9d7bd816335f__f15aa4b815722867859d2a3fa46ab50834dfc8dc.avif,ERROR: {"errors":[{"message":"An unexpected error occurred.","extensions":{"code":"INTERNAL_SERVER_ERROR"}}]}
directus-admin/uploads/ada80eda-9a48-43f4-9389-27121df362ba.png,ERROR: {"errors":[{"message":"An unexpected error occurred.","extensions":{"code":"INTERNAL_SERVER_ERROR"}}]}
directus-admin/uploads/ca475d0f-273b-415d-a1b8-ddd59106a977.png,ERROR: {"errors":[{"message":"An unexpected error occurred.","extensions":{"code":"INTERNAL_SERVER_ERROR"}}]}
directus-admin/uploads/b200a8c3-6c7f-466f-9d23-4daf1db45621.jpg,ERROR: {"errors":[{"message":"An unexpected error occurred.","extensions":{"code":"INTERNAL_SERVER_ERROR"}}]}
directus-admin/uploads/2889d092-222f-43c0-b208-657d05cedbc1.png,ERROR: {"errors":[{"message":"An unexpected error occurred.","extensions":{"code":"INTERNAL_SERVER_ERROR"}}]}
directus-admin/uploads/f40789d3-2ce0-438f-9489-7bb6ad245764.png,ERROR: {"errors":[{"message":"An unexpected error occurred.","extensions":{"code":"INTERNAL_SERVER_ERROR"}}]}
directus-admin/uploads/4ea6dd56-e4bb-4138-9c76-ea15b8c1c19c.png,ERROR: {"errors":[{"message":"An unexpected error occurred.","extensions":{"code":"INTERNAL_SERVER_ERROR"}}]}
directus-admin/uploads/a5d7d62c-c038-4711-9541-d8cea283c14a.png,ERROR: {"errors":[{"message":"An unexpected error occurred.","extensions":{"code":"INTERNAL_SERVER_ERROR"}}]}
directus-admin/uploads/82049ecd-384f-4dc5-ab5c-cfa36d664278.png,ERROR: {"errors":[{"message":"An unexpected error occurred.","extensions":{"code":"INTERNAL_SERVER_ERROR"}}]}
directus-admin/uploads/f1c9a2f2-d511-4739-90b1-30a78d13e24b.png,ERROR: {"errors":[{"message":"An unexpected error occurred.","extensions":{"code":"INTERNAL_SERVER_ERROR"}}]}
directus-admin/uploads/b9dc23fe-f603-416e-9d91-d3fa79e64545.png,ERROR: {"errors":[{"message":"An unexpected error occurred.","extensions":{"code":"INTERNAL_SERVER_ERROR"}}]}
directus-admin/uploads/efeea311-39fb-453b-8788-ce3adf01f665.png,ERROR: {"errors":[{"message":"An unexpected error occurred.","extensions":{"code":"INTERNAL_SERVER_ERROR"}}]}
directus-admin/uploads/38deeab3-bda7-4d87-9146-f1ca9cd0ad9b.png,ERROR: {"errors":[{"message":"An unexpected error occurred.","extensions":{"code":"INTERNAL_SERVER_ERROR"}}]}
directus-admin/uploads/dba6b651-ba09-42e2-991b-1a7a73fc8972.png,ERROR: {"errors":[{"message":"An unexpected error occurred.","extensions":{"code":"INTERNAL_SERVER_ERROR"}}]}
directus-admin/uploads/2c3d9bd3-8caa-42b4-bcbc-98929f250956.jpeg,ERROR: {"errors":[{"message":"An unexpected error occurred.","extensions":{"code":"INTERNAL_SERVER_ERROR"}}]}
directus-admin/uploads/e7f1095e-78ee-4aec-8a2d-9dafdecd336c.jpeg,ERROR: {"errors":[{"message":"An unexpected error occurred.","extensions":{"code":"INTERNAL_SERVER_ERROR"}}]}
directus-admin/uploads/267b619b-0e33-4a14-80b8-65f3b2122adf.jpeg,ERROR: {"errors":[{"message":"An unexpected error occurred.","extensions":{"code":"INTERNAL_SERVER_ERROR"}}]}
directus-admin/uploads/1b6e28f8-0b05-4b80-850e-0f336fdf3448.png,ERROR: {"errors":[{"message":"An unexpected error occurred.","extensions":{"code":"INTERNAL_SERVER_ERROR"}}]}
directus-admin/uploads/44b04df1-b67b-4383-92f3-1b1c102117f6__7809681e43a17c0d8ad77890c0e89a2f36978e77.avif,ERROR: {"errors":[{"message":"An unexpected error occurred.","extensions":{"code":"INTERNAL_SERVER_ERROR"}}]}
directus-admin/uploads/4d213e3a-fd17-4dc2-b20f-d96d48f32ac8.jpeg,ERROR: {"errors":[{"message":"An unexpected error occurred.","extensions":{"code":"INTERNAL_SERVER_ERROR"}}]}
directus-admin/uploads/a5fe59a8-a009-4c20-a42d-2725f763ea37.jpeg,ERROR: {"errors":[{"message":"An unexpected error occurred.","extensions":{"code":"INTERNAL_SERVER_ERROR"}}]}
directus-admin/uploads/46a5d7aa-15bb-41e0-8023-90bc26606800.png,ERROR: {"errors":[{"message":"An unexpected error occurred.","extensions":{"code":"INTERNAL_SERVER_ERROR"}}]}
directus-admin/uploads/2d39a6a2-ac80-43c5-a387-b3cde0d9aaa7.png,ERROR: {"errors":[{"message":"An unexpected error occurred.","extensions":{"code":"INTERNAL_SERVER_ERROR"}}]}
directus-admin/uploads/8e4d41b5-9542-4d6c-88a6-546721868383.png,ERROR: {"errors":[{"message":"An unexpected error occurred.","extensions":{"code":"INTERNAL_SERVER_ERROR"}}]}
directus-admin/uploads/fc7eb7f5-6fd3-4f49-8116-f770bf5d2a2d.png,ERROR: {"errors":[{"message":"An unexpected error occurred.","extensions":{"code":"INTERNAL_SERVER_ERROR"}}]}
directus-admin/uploads/3dfef364-7382-4091-ab3a-9858eec586ab.jpeg,ERROR: {"errors":[{"message":"An unexpected error occurred.","extensions":{"code":"INTERNAL_SERVER_ERROR"}}]}
directus-admin/uploads/26c7e891-37cb-4947-a1cf-6ac6dc3c53c1__af089102d88a9ed1da1c19933f895a1ecbe0a4c4.jpeg,ERROR: {"errors":[{"message":"An unexpected error occurred.","extensions":{"code":"INTERNAL_SERVER_ERROR"}}]}
directus-admin/uploads/d6293f5f-deb9-4491-93e5-caa843f7075f.png,ERROR: {"errors":[{"message":"An unexpected error occurred.","extensions":{"code":"INTERNAL_SERVER_ERROR"}}]}
directus-admin/uploads/6f535377-5177-4fcd-8c8d-8f41f32ece7c.png,ERROR: {"errors":[{"message":"An unexpected error occurred.","extensions":{"code":"INTERNAL_SERVER_ERROR"}}]}
directus-admin/uploads/bd9bd8a3-5ad4-4125-ba4c-34e5bbc222eb.png,ERROR: {"errors":[{"message":"An unexpected error occurred.","extensions":{"code":"INTERNAL_SERVER_ERROR"}}]}
directus-admin/uploads/66301384-0861-4d1c-bd77-7d8604db9901__f15aa4b815722867859d2a3fa46ab50834dfc8dc.avif,ERROR: {"errors":[{"message":"An unexpected error occurred.","extensions":{"code":"INTERNAL_SERVER_ERROR"}}]}
directus-admin/uploads/4c205172-3877-46b0-b857-f67b371b31ea.png,ERROR: {"errors":[{"message":"An unexpected error occurred.","extensions":{"code":"INTERNAL_SERVER_ERROR"}}]}
directus-admin/uploads/0c1df13e-9eb7-4e57-ab90-99c86cd5d605.png,ERROR: {"errors":[{"message":"An unexpected error occurred.","extensions":{"code":"INTERNAL_SERVER_ERROR"}}]}
directus-admin/uploads/a352e31e-b00c-49e5-9c4b-a0cea9a88d95.png,ERROR: {"errors":[{"message":"An unexpected error occurred.","extensions":{"code":"INTERNAL_SERVER_ERROR"}}]}
directus-admin/uploads/f7372eb4-31ef-44a8-b989-3bd55dd6ce15__f15aa4b815722867859d2a3fa46ab50834dfc8dc.avif,ERROR: {"errors":[{"message":"An unexpected error occurred.","extensions":{"code":"INTERNAL_SERVER_ERROR"}}]}
directus-admin/uploads/2358030b-a06d-49c4-ac3f-a8f1cd7e34c0.png,ERROR: {"errors":[{"message":"An unexpected error occurred.","extensions":{"code":"INTERNAL_SERVER_ERROR"}}]}
directus-admin/uploads/2a94d1c7-20ab-448d-8803-955bf8ed4a66__f15aa4b815722867859d2a3fa46ab50834dfc8dc.avif,ERROR: {"errors":[{"message":"An unexpected error occurred.","extensions":{"code":"INTERNAL_SERVER_ERROR"}}]}
directus-admin/uploads/26c7e891-37cb-4947-a1cf-6ac6dc3c53c1.jpeg,ERROR: {"errors":[{"message":"An unexpected error occurred.","extensions":{"code":"INTERNAL_SERVER_ERROR"}}]}
directus-admin/uploads/827c8513-7cd8-4173-a329-8608fcec0e2b.png,ERROR: {"errors":[{"message":"An unexpected error occurred.","extensions":{"code":"INTERNAL_SERVER_ERROR"}}]}
directus-admin/uploads/a87df6cd-3abb-4efe-9a63-e3615184ecc0.jpeg,ERROR: {"errors":[{"message":"An unexpected error occurred.","extensions":{"code":"INTERNAL_SERVER_ERROR"}}]}
directus-admin/uploads/d6c03a6a-0808-4e97-967a-e866ca8d04b9__f15aa4b815722867859d2a3fa46ab50834dfc8dc.avif,ERROR: {"errors":[{"message":"An unexpected error occurred.","extensions":{"code":"INTERNAL_SERVER_ERROR"}}]}
directus-admin/uploads/8e232c4d-1ef7-4389-b0b7-7dd490eb7ff9.png,ERROR: {"errors":[{"message":"An unexpected error occurred.","extensions":{"code":"INTERNAL_SERVER_ERROR"}}]}
directus-admin/uploads/1e33a5a9-efd6-4659-b667-98dd3d7e2803.png,ERROR: {"errors":[{"message":"An unexpected error occurred.","extensions":{"code":"INTERNAL_SERVER_ERROR"}}]}
directus-admin/uploads/465220ce-6c88-4e57-98e7-327c23f9780c.png,ERROR: {"errors":[{"message":"An unexpected error occurred.","extensions":{"code":"INTERNAL_SERVER_ERROR"}}]}
directus-admin/uploads/710c24bd-2b45-4078-bb48-3a8408c6a6a0.png,ERROR: {"errors":[{"message":"An unexpected error occurred.","extensions":{"code":"INTERNAL_SERVER_ERROR"}}]}
directus-admin/uploads/a45f0c17-87a2-4122-b2f5-6ebb22b74873.jpeg,ERROR: {"errors":[{"message":"An unexpected error occurred.","extensions":{"code":"INTERNAL_SERVER_ERROR"}}]}
directus-admin/uploads/3ed133ce-e6ed-4271-987f-986ecb12a284.png,ERROR: {"errors":[{"message":"An unexpected error occurred.","extensions":{"code":"INTERNAL_SERVER_ERROR"}}]}
directus-admin/uploads/3a9a76d2-17be-4d93-aec3-cf459837c1a9.png,ERROR: {"errors":[{"message":"An unexpected error occurred.","extensions":{"code":"INTERNAL_SERVER_ERROR"}}]}
directus-admin/uploads/4b981d3c-5aea-440a-a85f-b041c9103db5__f15aa4b815722867859d2a3fa46ab50834dfc8dc.avif,ERROR: {"errors":[{"message":"An unexpected error occurred.","extensions":{"code":"INTERNAL_SERVER_ERROR"}}]}
directus-admin/uploads/e2317ac2-8e18-4925-9454-574be420b7be.png,ERROR: {"errors":[{"message":"An unexpected error occurred.","extensions":{"code":"INTERNAL_SERVER_ERROR"}}]}
directus-admin/uploads/9677cb41-4afc-497d-817f-bb1f23c13c41.png,ERROR: {"errors":[{"message":"An unexpected error occurred.","extensions":{"code":"INTERNAL_SERVER_ERROR"}}]}
directus-admin/uploads/b10aa1d8-ed8c-4273-8399-7254334a909f.png,ERROR: {"errors":[{"message":"An unexpected error occurred.","extensions":{"code":"INTERNAL_SERVER_ERROR"}}]}
directus-admin/uploads/d61a759c-3049-40d6-877d-04d43cb080ee.png,ERROR: {"errors":[{"message":"An unexpected error occurred.","extensions":{"code":"INTERNAL_SERVER_ERROR"}}]}
directus-admin/uploads/4f3b7204-dbf9-4bff-b05d-5f7a5a25ce9d.png,ERROR: {"errors":[{"message":"An unexpected error occurred.","extensions":{"code":"INTERNAL_SERVER_ERROR"}}]}
directus-admin/uploads/cc1fc9b9-6c54-4098-afbb-34545b1032f0__f15aa4b815722867859d2a3fa46ab50834dfc8dc.avif,ERROR: {"errors":[{"message":"An unexpected error occurred.","extensions":{"code":"INTERNAL_SERVER_ERROR"}}]}
directus-admin/uploads/18b5f4e3-4bc8-485d-a01c-8cbd53e25f4d__f15aa4b815722867859d2a3fa46ab50834dfc8dc.avif,ERROR: {"errors":[{"message":"An unexpected error occurred.","extensions":{"code":"INTERNAL_SERVER_ERROR"}}]}
directus-admin/uploads/bbdb8dda-e9d7-4cca-a43e-8f533baebb3d__f15aa4b815722867859d2a3fa46ab50834dfc8dc.avif,ERROR: {"errors":[{"message":"An unexpected error occurred.","extensions":{"code":"INTERNAL_SERVER_ERROR"}}]}
directus-admin/uploads/60513b89-4336-466e-9eb6-462a4fbaee10.png,ERROR: {"errors":[{"message":"An unexpected error occurred.","extensions":{"code":"INTERNAL_SERVER_ERROR"}}]}
directus-admin/uploads/3dfef364-7382-4091-ab3a-9858eec586ab__f15aa4b815722867859d2a3fa46ab50834dfc8dc.avif,ERROR: {"errors":[{"message":"An unexpected error occurred.","extensions":{"code":"INTERNAL_SERVER_ERROR"}}]}
directus-admin/uploads/118300fb-23c2-4a65-aefd-848b572f2501.png,ERROR: {"errors":[{"message":"An unexpected error occurred.","extensions":{"code":"INTERNAL_SERVER_ERROR"}}]}
directus-admin/uploads/9aef7a61-9337-470a-a707-88679be670df.png,ERROR: {"errors":[{"message":"An unexpected error occurred.","extensions":{"code":"INTERNAL_SERVER_ERROR"}}]}
directus-admin/uploads/cc068934-436c-47ca-9a29-c2cbf1453fcb.png,ERROR: {"errors":[{"message":"An unexpected error occurred.","extensions":{"code":"INTERNAL_SERVER_ERROR"}}]}
directus-admin/uploads/1a26b2cb-bca1-4b43-bf2d-42f8207a148a.png,ERROR: {"errors":[{"message":"An unexpected error occurred.","extensions":{"code":"INTERNAL_SERVER_ERROR"}}]}
directus-admin/uploads/13ce1818-9b7d-4135-8adb-9c2ebf535d13.png,ERROR: {"errors":[{"message":"An unexpected error occurred.","extensions":{"code":"INTERNAL_SERVER_ERROR"}}]}
directus-admin/uploads/a8b6fcd9-e174-44a4-a2d9-f3f4553e16af.jpeg,ERROR: {"errors":[{"message":"An unexpected error occurred.","extensions":{"code":"INTERNAL_SERVER_ERROR"}}]}
directus-admin/uploads/b224008c-84d9-4436-8ae9-9216341f6044.png,ERROR: {"errors":[{"message":"An unexpected error occurred.","extensions":{"code":"INTERNAL_SERVER_ERROR"}}]}
directus-admin/uploads/8fe14381-5d07-444d-aa4e-e769778e427c.png,ERROR: {"errors":[{"message":"An unexpected error occurred.","extensions":{"code":"INTERNAL_SERVER_ERROR"}}]}
directus-admin/uploads/e2475dbd-2c68-4da5-becb-f8999cf24b1c.png,ERROR: {"errors":[{"message":"An unexpected error occurred.","extensions":{"code":"INTERNAL_SERVER_ERROR"}}]}
directus-admin/uploads/ff4e52f7-3d4e-4ae0-9883-a4d965682af7.png,ERROR: {"errors":[{"message":"An unexpected error occurred.","extensions":{"code":"INTERNAL_SERVER_ERROR"}}]}
directus-admin/uploads/3eac1d5b-db23-469f-95bf-4430a305bc86.png,ERROR: {"errors":[{"message":"An unexpected error occurred.","extensions":{"code":"INTERNAL_SERVER_ERROR"}}]}
directus-admin/uploads/03055f41-ce22-4ba4-8150-795bd0169489.png,ERROR: {"errors":[{"message":"An unexpected error occurred.","extensions":{"code":"INTERNAL_SERVER_ERROR"}}]}
directus-admin/uploads/66662457-0678-48ed-aa2d-6c8122f1b323.png,ERROR: {"errors":[{"message":"An unexpected error occurred.","extensions":{"code":"INTERNAL_SERVER_ERROR"}}]}
directus-admin/uploads/4ffcefb0-6cb8-4cfa-a748-bd4c3da1d716__f15aa4b815722867859d2a3fa46ab50834dfc8dc.avif,ERROR: {"errors":[{"message":"An unexpected error occurred.","extensions":{"code":"INTERNAL_SERVER_ERROR"}}]}
directus-admin/uploads/2f9a38e9-4a7e-4fc4-b8f2-6c3b2cb14d8b.png,ERROR: {"errors":[{"message":"An unexpected error occurred.","extensions":{"code":"INTERNAL_SERVER_ERROR"}}]}
directus-admin/uploads/ba89d0b2-8c58-4a36-8b41-32d7b389adb1__f15aa4b815722867859d2a3fa46ab50834dfc8dc.avif,ERROR: {"errors":[{"message":"An unexpected error occurred.","extensions":{"code":"INTERNAL_SERVER_ERROR"}}]}
directus-admin/uploads/7a9f48d1-75a6-401f-af62-178d5305b0ad.png,ERROR: {"errors":[{"message":"An unexpected error occurred.","extensions":{"code":"INTERNAL_SERVER_ERROR"}}]}
directus-admin/uploads/2749f988-2e2d-4f32-9978-4dbeb4aa6ab2__7809681e43a17c0d8ad77890c0e89a2f36978e77.avif,ERROR: {"errors":[{"message":"An unexpected error occurred.","extensions":{"code":"INTERNAL_SERVER_ERROR"}}]}
directus-admin/uploads/f003c02b-badb-4a34-989b-d9584206aeee__f15aa4b815722867859d2a3fa46ab50834dfc8dc.avif,ERROR: {"errors":[{"message":"An unexpected error occurred.","extensions":{"code":"INTERNAL_SERVER_ERROR"}}]}
directus-admin/uploads/1252c697-fc9b-4545-950c-9b6bc1ec3610.jpeg,ERROR: {"errors":[{"message":"An unexpected error occurred.","extensions":{"code":"INTERNAL_SERVER_ERROR"}}]}
directus-admin/uploads/031ff649-b2cc-4a9d-8759-a8ede2509c45.jpeg,ERROR: {"errors":[{"message":"An unexpected error occurred.","extensions":{"code":"INTERNAL_SERVER_ERROR"}}]}
directus-admin/uploads/5e3cf4da-35c8-413b-927f-8163e1662637.png,ERROR: {"errors":[{"message":"An unexpected error occurred.","extensions":{"code":"INTERNAL_SERVER_ERROR"}}]}
directus-admin/uploads/b7a427cb-8ddb-4193-a6a3-8fa40c454498.png,ERROR: {"errors":[{"message":"An unexpected error occurred.","extensions":{"code":"INTERNAL_SERVER_ERROR"}}]}
directus-admin/uploads/8917377a-1bde-426f-9f34-dd42e8396b43.png,ERROR: {"errors":[{"message":"An unexpected error occurred.","extensions":{"code":"INTERNAL_SERVER_ERROR"}}]}
directus-admin/uploads/d1c1ded8-fcab-46da-af0f-3a97f39c0d80.png,ERROR: {"errors":[{"message":"An unexpected error occurred.","extensions":{"code":"INTERNAL_SERVER_ERROR"}}]}
directus-admin/uploads/fbfcbe82-dd29-41f1-a969-9c773274e319.png,ERROR: {"errors":[{"message":"An unexpected error occurred.","extensions":{"code":"INTERNAL_SERVER_ERROR"}}]}
directus-admin/uploads/147774cd-3ab7-4843-8083-c393692ca6ac.png,ERROR: {"errors":[{"message":"An unexpected error occurred.","extensions":{"code":"INTERNAL_SERVER_ERROR"}}]}
directus-admin/uploads/91cb522e-a886-4b9f-9f38-3132300b1a39.png,ERROR: {"errors":[{"message":"An unexpected error occurred.","extensions":{"code":"INTERNAL_SERVER_ERROR"}}]}
directus-admin/uploads/13f899ee-128e-4e0e-affb-f006db428253.png,ERROR: {"errors":[{"message":"An unexpected error occurred.","extensions":{"code":"INTERNAL_SERVER_ERROR"}}]}
directus-admin/uploads/a87df6cd-3abb-4efe-9a63-e3615184ecc0__7809681e43a17c0d8ad77890c0e89a2f36978e77.avif,ERROR: {"errors":[{"message":"An unexpected error occurred.","extensions":{"code":"INTERNAL_SERVER_ERROR"}}]}
directus-admin/uploads/a9494b81-d354-4f6b-a5f4-4dd40e58e2b6.png,ERROR: {"errors":[{"message":"An unexpected error occurred.","extensions":{"code":"INTERNAL_SERVER_ERROR"}}]}
directus-admin/uploads/e5be4728-553a-4fe7-9519-ac3aa4ec5615.png,ERROR: {"errors":[{"message":"An unexpected error occurred.","extensions":{"code":"INTERNAL_SERVER_ERROR"}}]}
directus-admin/uploads/6b7b6aae-c013-4532-b0f1-6f7edb5d6ab7__f15aa4b815722867859d2a3fa46ab50834dfc8dc.avif,ERROR: {"errors":[{"message":"An unexpected error occurred.","extensions":{"code":"INTERNAL_SERVER_ERROR"}}]}
directus-admin/uploads/2b651c9d-1d78-49e9-a93e-f4842ecc5203.png,ERROR: {"errors":[{"message":"An unexpected error occurred.","extensions":{"code":"INTERNAL_SERVER_ERROR"}}]}
directus-admin/uploads/90a7f8d7-1ccf-4d1e-971f-42b837cf5630.png,ERROR: {"errors":[{"message":"An unexpected error occurred.","extensions":{"code":"INTERNAL_SERVER_ERROR"}}]}
directus-admin/uploads/a322baf3-fe02-4705-901a-88d38d517b5c.png,ERROR: {"errors":[{"message":"An unexpected error occurred.","extensions":{"code":"INTERNAL_SERVER_ERROR"}}]}
directus-admin/uploads/50a1d5f6-bb6d-4e02-a539-b2efae1474dc.png,ERROR: {"errors":[{"message":"An unexpected error occurred.","extensions":{"code":"INTERNAL_SERVER_ERROR"}}]}
directus-admin/uploads/025ba17f-2466-4046-8220-7924d37a2dce.png,ERROR: {"errors":[{"message":"An unexpected error occurred.","extensions":{"code":"INTERNAL_SERVER_ERROR"}}]}
directus-admin/uploads/8d8cfe7e-b5e2-46a8-a5e5-9c98e7d8ca7d.png,ERROR: {"errors":[{"message":"An unexpected error occurred.","extensions":{"code":"INTERNAL_SERVER_ERROR"}}]}
directus-admin/uploads/f12e50ac-688a-4195-98fc-e3e065bccfe2.png,ERROR: {"errors":[{"message":"An unexpected error occurred.","extensions":{"code":"INTERNAL_SERVER_ERROR"}}]}
directus-admin/uploads/8171bc14-88f4-49d7-b08b-8c01ce95569a.png,ERROR: {"errors":[{"message":"An unexpected error occurred.","extensions":{"code":"INTERNAL_SERVER_ERROR"}}]}
directus-admin/uploads/3c369dc0-1363-44c0-8aeb-1c36968d8720__f15aa4b815722867859d2a3fa46ab50834dfc8dc.avif,ERROR: {"errors":[{"message":"An unexpected error occurred.","extensions":{"code":"INTERNAL_SERVER_ERROR"}}]}
directus-admin/uploads/c87c4446-b647-4bfa-8fa0-ef1f43c1d119__f15aa4b815722867859d2a3fa46ab50834dfc8dc.avif,ERROR: {"errors":[{"message":"An unexpected error occurred.","extensions":{"code":"INTERNAL_SERVER_ERROR"}}]}
directus-admin/uploads/76c6e639-f8ef-4124-9971-48cb93befd1b.png,ERROR: {"errors":[{"message":"An unexpected error occurred.","extensions":{"code":"INTERNAL_SERVER_ERROR"}}]}
directus-admin/uploads/66b1546b-2a45-4001-85cc-1f05728eb11d.png,ERROR: {"errors":[{"message":"An unexpected error occurred.","extensions":{"code":"INTERNAL_SERVER_ERROR"}}]}
directus-admin/uploads/d6c03a6a-0808-4e97-967a-e866ca8d04b9.jpeg,ERROR: {"errors":[{"message":"An unexpected error occurred.","extensions":{"code":"INTERNAL_SERVER_ERROR"}}]}
directus-admin/uploads/8ab41c5b-50d6-4b0d-a834-840ed94728d6.png,ERROR: {"errors":[{"message":"An unexpected error occurred.","extensions":{"code":"INTERNAL_SERVER_ERROR"}}]}
directus-admin/uploads/86845e13-49d8-4af3-9335-c6a430007461.png,ERROR: {"errors":[{"message":"An unexpected error occurred.","extensions":{"code":"INTERNAL_SERVER_ERROR"}}]}
directus-admin/uploads/26c7e891-37cb-4947-a1cf-6ac6dc3c53c1__f15aa4b815722867859d2a3fa46ab50834dfc8dc.avif,ERROR: {"errors":[{"message":"An unexpected error occurred.","extensions":{"code":"INTERNAL_SERVER_ERROR"}}]}
directus-admin/uploads/4afd6936-b8f7-486a-adc0-2c3682130706__f15aa4b815722867859d2a3fa46ab50834dfc8dc.avif,ERROR: {"errors":[{"message":"An unexpected error occurred.","extensions":{"code":"INTERNAL_SERVER_ERROR"}}]}
directus-admin/uploads/88758b77-c6d1-4c09-883a-5efe873784ae.png,ERROR: {"errors":[{"message":"An unexpected error occurred.","extensions":{"code":"INTERNAL_SERVER_ERROR"}}]}
directus-admin/uploads/5b619bec-de61-40b1-91a4-d483e832b376.png,ERROR: {"errors":[{"message":"An unexpected error occurred.","extensions":{"code":"INTERNAL_SERVER_ERROR"}}]}
directus-admin/uploads/b8d9e71b-ef81-4ba6-8ece-e90aa889445b.png,ERROR: {"errors":[{"message":"An unexpected error occurred.","extensions":{"code":"INTERNAL_SERVER_ERROR"}}]}
directus-admin/uploads/e5797b45-0739-438a-9336-5bdd870dbdf1__f15aa4b815722867859d2a3fa46ab50834dfc8dc.avif,ERROR: {"errors":[{"message":"An unexpected error occurred.","extensions":{"code":"INTERNAL_SERVER_ERROR"}}]}
directus-admin/uploads/dc6d6069-23af-4d75-ae5a-38c830bf2b85__f15aa4b815722867859d2a3fa46ab50834dfc8dc.avif,ERROR: {"errors":[{"message":"An unexpected error occurred.","extensions":{"code":"INTERNAL_SERVER_ERROR"}}]}
directus-admin/uploads/3dcc73bd-fd13-4d78-98c4-802590198f78__f15aa4b815722867859d2a3fa46ab50834dfc8dc.avif,ERROR: {"errors":[{"message":"An unexpected error occurred.","extensions":{"code":"INTERNAL_SERVER_ERROR"}}]}
directus-admin/uploads/0ee3be04-68b0-4fdc-bf4c-90aa087219d0.png,ERROR: {"errors":[{"message":"An unexpected error occurred.","extensions":{"code":"INTERNAL_SERVER_ERROR"}}]}
directus-admin/uploads/a5fe59a8-a009-4c20-a42d-2725f763ea37__f15aa4b815722867859d2a3fa46ab50834dfc8dc.avif,ERROR: {"errors":[{"message":"An unexpected error occurred.","extensions":{"code":"INTERNAL_SERVER_ERROR"}}]}
directus-admin/uploads/956da2b2-e66d-4847-8d07-9371c9bf8bb8.png,ERROR: {"errors":[{"message":"An unexpected error occurred.","extensions":{"code":"INTERNAL_SERVER_ERROR"}}]}
directus-admin/uploads/66af8561-d5e2-45b5-843f-128fd623eaae.png,ERROR: {"errors":[{"message":"An unexpected error occurred.","extensions":{"code":"INTERNAL_SERVER_ERROR"}}]}
directus-admin/uploads/8e1a4362-751e-48a8-b672-cd4deac21883__e0f944f860d62e8af8c442d1e6eb009d16ae326b.jpeg,ERROR: {"errors":[{"message":"An unexpected error occurred.","extensions":{"code":"INTERNAL_SERVER_ERROR"}}]}
directus-admin/uploads/82110a0c-fd47-48b3-bad5-53cf02b33407.png,ERROR: {"errors":[{"message":"An unexpected error occurred.","extensions":{"code":"INTERNAL_SERVER_ERROR"}}]}
directus-admin/uploads/454e09ca-0bd3-427b-82bd-1d2404d51c36.png,ERROR: {"errors":[{"message":"An unexpected error occurred.","extensions":{"code":"INTERNAL_SERVER_ERROR"}}]}
directus-admin/uploads/a2280a6c-2d1f-45bb-bd65-25eb60270896.png,ERROR: {"errors":[{"message":"An unexpected error occurred.","extensions":{"code":"INTERNAL_SERVER_ERROR"}}]}
directus-admin/uploads/7912472c-f702-4117-aaa1-2e992df3d280.png,ERROR: {"errors":[{"message":"An unexpected error occurred.","extensions":{"code":"INTERNAL_SERVER_ERROR"}}]}
directus-admin/uploads/d6c03a6a-0808-4e97-967a-e866ca8d04b9__af089102d88a9ed1da1c19933f895a1ecbe0a4c4.jpeg,ERROR: {"errors":[{"message":"An unexpected error occurred.","extensions":{"code":"INTERNAL_SERVER_ERROR"}}]}
directus-admin/uploads/618865f7-ff85-4f76-9286-fe0453ac389b.png,ERROR: {"errors":[{"message":"An unexpected error occurred.","extensions":{"code":"INTERNAL_SERVER_ERROR"}}]}
directus-admin/uploads/8177a0e7-399b-44c8-8ab0-6921caa1c711.png,ERROR: {"errors":[{"message":"An unexpected error occurred.","extensions":{"code":"INTERNAL_SERVER_ERROR"}}]}
directus-admin/uploads/6cf8bf4d-86ae-457f-aa0a-01518a719f7e.png,ERROR: {"errors":[{"message":"An unexpected error occurred.","extensions":{"code":"INTERNAL_SERVER_ERROR"}}]}
directus-admin/uploads/c0c6e8d8-2cd8-461a-8c43-2a2e66c249c8.png,ERROR: {"errors":[{"message":"An unexpected error occurred.","extensions":{"code":"INTERNAL_SERVER_ERROR"}}]}
directus-admin/uploads/869fb8b3-6fee-4bbc-a821-cd557a100d8e.png,ERROR: {"errors":[{"message":"An unexpected error occurred.","extensions":{"code":"INTERNAL_SERVER_ERROR"}}]}
directus-admin/uploads/ce0493cc-33e6-49e3-ad42-0ad43ae198db__f15aa4b815722867859d2a3fa46ab50834dfc8dc.avif,ERROR: {"errors":[{"message":"An unexpected error occurred.","extensions":{"code":"INTERNAL_SERVER_ERROR"}}]}
directus-admin/uploads/8e1a4362-751e-48a8-b672-cd4deac21883.jpeg,ERROR: {"errors":[{"message":"An unexpected error occurred.","extensions":{"code":"INTERNAL_SERVER_ERROR"}}]}
directus-admin/uploads/1ee03cc0-ceba-4e98-80bf-1d9b0c5f0ecb.png,ERROR: {"errors":[{"message":"An unexpected error occurred.","extensions":{"code":"INTERNAL_SERVER_ERROR"}}]}
directus-admin/uploads/c6f1ccf2-279b-4d34-9b5d-c024c7acdf71.png,ERROR: {"errors":[{"message":"An unexpected error occurred.","extensions":{"code":"INTERNAL_SERVER_ERROR"}}]}
directus-admin/uploads/3a487652-7458-49fc-abc5-dc79c26999bd.jpeg,ERROR: {"errors":[{"message":"An unexpected error occurred.","extensions":{"code":"INTERNAL_SERVER_ERROR"}}]}
directus-admin/uploads/b200a8c3-6c7f-466f-9d23-4daf1db45621__f15aa4b815722867859d2a3fa46ab50834dfc8dc.avif,ERROR: {"errors":[{"message":"An unexpected error occurred.","extensions":{"code":"INTERNAL_SERVER_ERROR"}}]}
directus-admin/uploads/bffe09cc-7d2d-4cf3-80f5-fb94b39f8d89__f15aa4b815722867859d2a3fa46ab50834dfc8dc.avif,ERROR: {"errors":[{"message":"An unexpected error occurred.","extensions":{"code":"INTERNAL_SERVER_ERROR"}}]}
directus-admin/uploads/08315039-491d-4671-87bd-504443d75afa.png,ERROR: {"errors":[{"message":"An unexpected error occurred.","extensions":{"code":"INTERNAL_SERVER_ERROR"}}]}
directus-admin/uploads/c276c6ee-1b67-4f72-bff9-a96781e3a292.png,ERROR: {"errors":[{"message":"An unexpected error occurred.","extensions":{"code":"INTERNAL_SERVER_ERROR"}}]}
directus-admin/uploads/9d4a3f75-b24e-4ca3-a4ac-e95f54e28dd0.png,ERROR: {"errors":[{"message":"An unexpected error occurred.","extensions":{"code":"INTERNAL_SERVER_ERROR"}}]}
directus-admin/uploads/3c9963e9-9009-4671-9d15-f0a09f776c83__f15aa4b815722867859d2a3fa46ab50834dfc8dc.avif,ERROR: {"errors":[{"message":"An unexpected error occurred.","extensions":{"code":"INTERNAL_SERVER_ERROR"}}]}
directus-admin/uploads/5ff76991-165c-4fa2-b150-a9e27a6ba213.png,ERROR: {"errors":[{"message":"An unexpected error occurred.","extensions":{"code":"INTERNAL_SERVER_ERROR"}}]}
directus-admin/uploads/e2173a00-9780-4f87-8066-367ca15b4f4e.png,ERROR: {"errors":[{"message":"An unexpected error occurred.","extensions":{"code":"INTERNAL_SERVER_ERROR"}}]}
directus-admin/uploads/d32af2aa-57a9-4013-a53d-3512ecd7eaa2.png,ERROR: {"errors":[{"message":"An unexpected error occurred.","extensions":{"code":"INTERNAL_SERVER_ERROR"}}]}
directus-admin/uploads/cc1fc9b9-6c54-4098-afbb-34545b1032f0__7809681e43a17c0d8ad77890c0e89a2f36978e77.avif,ERROR: {"errors":[{"message":"An unexpected error occurred.","extensions":{"code":"INTERNAL_SERVER_ERROR"}}]}
directus-admin/uploads/18b5f4e3-4bc8-485d-a01c-8cbd53e25f4d__7809681e43a17c0d8ad77890c0e89a2f36978e77.avif,ERROR: {"errors":[{"message":"An unexpected error occurred.","extensions":{"code":"INTERNAL_SERVER_ERROR"}}]}
directus-admin/uploads/84281376-ccec-4407-9a74-5a948a860227.png,ERROR: {"errors":[{"message":"An unexpected error occurred.","extensions":{"code":"INTERNAL_SERVER_ERROR"}}]}
directus-admin/uploads/21e799fb-2ce1-4c52-b900-d997866eb284__f15aa4b815722867859d2a3fa46ab50834dfc8dc.avif,ERROR: {"errors":[{"message":"An unexpected error occurred.","extensions":{"code":"INTERNAL_SERVER_ERROR"}}]}
directus-admin/uploads/74aa6a52-782e-46f5-af6a-4ffced425f1b.png,ERROR: {"errors":[{"message":"An unexpected error occurred.","extensions":{"code":"INTERNAL_SERVER_ERROR"}}]}
directus-admin/uploads/f003c02b-badb-4a34-989b-d9584206aeee__7809681e43a17c0d8ad77890c0e89a2f36978e77.avif,ERROR: {"errors":[{"message":"An unexpected error occurred.","extensions":{"code":"INTERNAL_SERVER_ERROR"}}]}
directus-admin/uploads/2749f988-2e2d-4f32-9978-4dbeb4aa6ab2__f15aa4b815722867859d2a3fa46ab50834dfc8dc.avif,ERROR: {"errors":[{"message":"An unexpected error occurred.","extensions":{"code":"INTERNAL_SERVER_ERROR"}}]}
directus-admin/uploads/71eff5fb-eae8-4172-9aa2-e0526bc4b9d0.png,ERROR: {"errors":[{"message":"An unexpected error occurred.","extensions":{"code":"INTERNAL_SERVER_ERROR"}}]}
directus-admin/uploads/5a1f7605-edf9-4cac-b236-cc19938a2952.png,ERROR: {"errors":[{"message":"An unexpected error occurred.","extensions":{"code":"INTERNAL_SERVER_ERROR"}}]}
directus-admin/uploads/d7dce562-db57-4a53-8992-a868c99792ba.png,ERROR: {"errors":[{"message":"An unexpected error occurred.","extensions":{"code":"INTERNAL_SERVER_ERROR"}}]}
directus-admin/uploads/82d3e7dc-5a20-4945-80dd-ddcd20c8435f__f15aa4b815722867859d2a3fa46ab50834dfc8dc.avif,ERROR: {"errors":[{"message":"An unexpected error occurred.","extensions":{"code":"INTERNAL_SERVER_ERROR"}}]}
directus-admin/uploads/4274f40d-5286-4ae3-82af-9acbe1be54a5.jpeg,ERROR: {"errors":[{"message":"An unexpected error occurred.","extensions":{"code":"INTERNAL_SERVER_ERROR"}}]}
directus-admin/uploads/f003c02b-badb-4a34-989b-d9584206aeee.jpeg,ERROR: {"errors":[{"message":"An unexpected error occurred.","extensions":{"code":"INTERNAL_SERVER_ERROR"}}]}
directus-admin/uploads/4ffcefb0-6cb8-4cfa-a748-bd4c3da1d716__7809681e43a17c0d8ad77890c0e89a2f36978e77.avif,ERROR: {"errors":[{"message":"An unexpected error occurred.","extensions":{"code":"INTERNAL_SERVER_ERROR"}}]}
directus-admin/uploads/0cf09014-1ac8-41f0-b709-205f1fff0142.png,ERROR: {"errors":[{"message":"An unexpected error occurred.","extensions":{"code":"INTERNAL_SERVER_ERROR"}}]}
directus-admin/uploads/2db80635-bb96-4455-ae60-ce53b774cb52.png,ERROR: {"errors":[{"message":"An unexpected error occurred.","extensions":{"code":"INTERNAL_SERVER_ERROR"}}]}
directus-admin/uploads/9c9c0da2-98eb-4fda-91ed-ea3f6d56a83f.png,ERROR: {"errors":[{"message":"An unexpected error occurred.","extensions":{"code":"INTERNAL_SERVER_ERROR"}}]}
directus-admin/uploads/edf9a946-7f30-4d3e-a352-8c2fe6b142cf__f15aa4b815722867859d2a3fa46ab50834dfc8dc.avif,ERROR: {"errors":[{"message":"An unexpected error occurred.","extensions":{"code":"INTERNAL_SERVER_ERROR"}}]}
directus-admin/uploads/bad7d214-8ad4-4a2e-a707-4efcf24a9c55__f15aa4b815722867859d2a3fa46ab50834dfc8dc.avif,ERROR: {"errors":[{"message":"An unexpected error occurred.","extensions":{"code":"INTERNAL_SERVER_ERROR"}}]}
directus-admin/uploads/6e4e6d81-706a-44be-bcee-8d68c185916c.png,ERROR: {"errors":[{"message":"An unexpected error occurred.","extensions":{"code":"INTERNAL_SERVER_ERROR"}}]}
directus-admin/uploads/c784d7eb-c67f-4c15-941d-ca9929c219b4.png,ERROR: {"errors":[{"message":"An unexpected error occurred.","extensions":{"code":"INTERNAL_SERVER_ERROR"}}]}
directus-admin/uploads/a87df6cd-3abb-4efe-9a63-e3615184ecc0__f15aa4b815722867859d2a3fa46ab50834dfc8dc.avif,ERROR: {"errors":[{"message":"An unexpected error occurred.","extensions":{"code":"INTERNAL_SERVER_ERROR"}}]}
directus-admin/uploads/87663bee-7a2f-48ed-bc6c-53cc3710016f__f15aa4b815722867859d2a3fa46ab50834dfc8dc.avif,ERROR: {"errors":[{"message":"An unexpected error occurred.","extensions":{"code":"INTERNAL_SERVER_ERROR"}}]}
directus-admin/uploads/d764d34c-e1c4-4b8a-a076-5755656e1bcf__f15aa4b815722867859d2a3fa46ab50834dfc8dc.avif,ERROR: {"errors":[{"message":"An unexpected error occurred.","extensions":{"code":"INTERNAL_SERVER_ERROR"}}]}
directus-admin/uploads/82d3e7dc-5a20-4945-80dd-ddcd20c8435f.png,ERROR: {"errors":[{"message":"An unexpected error occurred.","extensions":{"code":"INTERNAL_SERVER_ERROR"}}]}
directus-admin/uploads/24eaaa4f-ed49-4a47-9d1e-91b3a64954f1.png,ERROR: {"errors":[{"message":"An unexpected error occurred.","extensions":{"code":"INTERNAL_SERVER_ERROR"}}]}
directus-admin/uploads/d45330bb-09ce-494b-a0df-b4c5233319fb.png,ERROR: {"errors":[{"message":"An unexpected error occurred.","extensions":{"code":"INTERNAL_SERVER_ERROR"}}]}
directus-admin/uploads/608e0bdc-c6a5-4b7e-853d-9f536dd140d0.png,ERROR: {"errors":[{"message":"An unexpected error occurred.","extensions":{"code":"INTERNAL_SERVER_ERROR"}}]}
directus-admin/uploads/9ee84c96-121a-4079-a774-c4eba3158f9e.png,ERROR: {"errors":[{"message":"An unexpected error occurred.","extensions":{"code":"INTERNAL_SERVER_ERROR"}}]}
directus-admin/uploads/0977ab9d-5b9f-4c57-a006-25ead5d59894.png,ERROR: {"errors":[{"message":"An unexpected error occurred.","extensions":{"code":"INTERNAL_SERVER_ERROR"}}]}
directus-admin/uploads/405d5f19-ea75-44b7-b992-fbbca0604480__f15aa4b815722867859d2a3fa46ab50834dfc8dc.avif,ERROR: {"errors":[{"message":"An unexpected error occurred.","extensions":{"code":"INTERNAL_SERVER_ERROR"}}]}
directus-admin/uploads/f3c82b10-9496-40a0-ab2d-e996fd1c0d40__f15aa4b815722867859d2a3fa46ab50834dfc8dc.avif,ERROR: {"errors":[{"message":"An unexpected error occurred.","extensions":{"code":"INTERNAL_SERVER_ERROR"}}]}
directus-admin/uploads/ca572a2a-43cf-4503-8491-4fa648c654ae.png,ERROR: {"errors":[{"message":"An unexpected error occurred.","extensions":{"code":"INTERNAL_SERVER_ERROR"}}]}
directus-admin/uploads/fdcf8662-e950-41ba-8ec3-3bcad69b5979__f15aa4b815722867859d2a3fa46ab50834dfc8dc.avif,ERROR: {"errors":[{"message":"An unexpected error occurred.","extensions":{"code":"INTERNAL_SERVER_ERROR"}}]}
directus-admin/uploads/14a76a7e-40dd-4ffd-b3ac-91bae5307606.png,ERROR: {"errors":[{"message":"An unexpected error occurred.","extensions":{"code":"INTERNAL_SERVER_ERROR"}}]}
directus-admin/uploads/b6ef9ee2-0d49-464e-bb19-31ce8529a252.png,ERROR: {"errors":[{"message":"An unexpected error occurred.","extensions":{"code":"INTERNAL_SERVER_ERROR"}}]}
directus-admin/uploads/c0e9fba5-8947-42b2-8758-f77972f77328.png,ERROR: {"errors":[{"message":"An unexpected error occurred.","extensions":{"code":"INTERNAL_SERVER_ERROR"}}]}
directus-admin/uploads/7472106f-3afa-4836-b191-0d1a33f0561e.png,ERROR: {"errors":[{"message":"An unexpected error occurred.","extensions":{"code":"INTERNAL_SERVER_ERROR"}}]}
directus-admin/uploads/7d38e33b-5419-48fe-a5cc-9763492c1402.png,ERROR: {"errors":[{"message":"An unexpected error occurred.","extensions":{"code":"INTERNAL_SERVER_ERROR"}}]}
directus-admin/uploads/df9bf7e1-c9c0-4bef-946a-34fa86a27946.png,ERROR: {"errors":[{"message":"An unexpected error occurred.","extensions":{"code":"INTERNAL_SERVER_ERROR"}}]}
directus-admin/uploads/d0efa7c6-3b5e-49cb-ab80-4a6b0786e9ea.png,ERROR: {"errors":[{"message":"An unexpected error occurred.","extensions":{"code":"INTERNAL_SERVER_ERROR"}}]}
directus-admin/uploads/16618873-49b7-453e-996b-f2c4d1437594.png,ERROR: {"errors":[{"message":"An unexpected error occurred.","extensions":{"code":"INTERNAL_SERVER_ERROR"}}]}
directus-admin/uploads/ec574f86-804e-45df-a914-b3cfa1cb38eb.png,ERROR: {"errors":[{"message":"An unexpected error occurred.","extensions":{"code":"INTERNAL_SERVER_ERROR"}}]}
directus-admin/uploads/1cbdf727-5404-46ee-b64d-ec71f181dad1.png,ERROR: {"errors":[{"message":"An unexpected error occurred.","extensions":{"code":"INTERNAL_SERVER_ERROR"}}]}
directus-admin/uploads/02fcdf14-17f1-4d58-9063-5f6634b8b993__f15aa4b815722867859d2a3fa46ab50834dfc8dc.avif,ERROR: {"errors":[{"message":"An unexpected error occurred.","extensions":{"code":"INTERNAL_SERVER_ERROR"}}]}
directus-admin/uploads/ac473658-e84c-46ab-9f9d-ccc4aaad8f9f.png,ERROR: {"errors":[{"message":"An unexpected error occurred.","extensions":{"code":"INTERNAL_SERVER_ERROR"}}]}
directus-admin/uploads/9415a339-5ddc-40e4-b0d4-f7d66daf3c25.png,ERROR: {"errors":[{"message":"An unexpected error occurred.","extensions":{"code":"INTERNAL_SERVER_ERROR"}}]}
directus-admin/uploads/6ecf6090-b7ad-47b4-a9ab-ce175ac6abcd.png,ERROR: {"errors":[{"message":"An unexpected error occurred.","extensions":{"code":"INTERNAL_SERVER_ERROR"}}]}
directus-admin/uploads/ecdf85e1-b865-41e7-b8cd-cee27f611687.png,ERROR: {"errors":[{"message":"An unexpected error occurred.","extensions":{"code":"INTERNAL_SERVER_ERROR"}}]}
directus-admin/uploads/9906ab9f-9024-4be7-80ef-6b70fa4a579c.png,ERROR: {"errors":[{"message":"An unexpected error occurred.","extensions":{"code":"INTERNAL_SERVER_ERROR"}}]}
directus-admin/uploads/4c72ef59-23f3-4c0f-8110-a53d3c105cbc__f15aa4b815722867859d2a3fa46ab50834dfc8dc.avif,ERROR: {"errors":[{"message":"An unexpected error occurred.","extensions":{"code":"INTERNAL_SERVER_ERROR"}}]}
directus-admin/uploads/b12e5789-45c7-4c68-a657-98e663d5e43c.png,ERROR: {"errors":[{"message":"An unexpected error occurred.","extensions":{"code":"INTERNAL_SERVER_ERROR"}}]}
directus-admin/uploads/2d37985f-b464-4031-9d1f-c7c89d704dcb.png,ERROR: {"errors":[{"message":"An unexpected error occurred.","extensions":{"code":"INTERNAL_SERVER_ERROR"}}]}
directus-admin/uploads/fdaa9f4c-2bc3-44a7-80ab-24b843293106.jpg,ERROR: {"errors":[{"message":"An unexpected error occurred.","extensions":{"code":"INTERNAL_SERVER_ERROR"}}]}
directus-admin/uploads/cdadff8e-bfc0-4df0-b4db-1ea50c085d47.png,ERROR: {"errors":[{"message":"An unexpected error occurred.","extensions":{"code":"INTERNAL_SERVER_ERROR"}}]}
directus-admin/uploads/f0beea29-6cd6-4a28-81ea-989084e102db.png,ERROR: {"errors":[{"message":"An unexpected error occurred.","extensions":{"code":"INTERNAL_SERVER_ERROR"}}]}
directus-admin/uploads/764fe7bf-310b-4477-9788-712b20f6664e.png,ERROR: {"errors":[{"message":"An unexpected error occurred.","extensions":{"code":"INTERNAL_SERVER_ERROR"}}]}
directus-admin/uploads/dc6d6069-23af-4d75-ae5a-38c830bf2b85__7809681e43a17c0d8ad77890c0e89a2f36978e77.avif,ERROR: {"errors":[{"message":"An unexpected error occurred.","extensions":{"code":"INTERNAL_SERVER_ERROR"}}]}
directus-admin/uploads/58fad67c-a81a-4804-9fc9-4e0b7f581053.png,ERROR: {"errors":[{"message":"An unexpected error occurred.","extensions":{"code":"INTERNAL_SERVER_ERROR"}}]}
directus-admin/uploads/53e47d63-de83-4d95-8996-e5b8430da0e7.jpeg,ERROR: {"errors":[{"message":"An unexpected error occurred.","extensions":{"code":"INTERNAL_SERVER_ERROR"}}]}
directus-admin/uploads/224fb931-a692-466b-9582-c870f38a9945.png,ERROR: {"errors":[{"message":"An unexpected error occurred.","extensions":{"code":"INTERNAL_SERVER_ERROR"}}]}
directus-admin/uploads/4b981d3c-5aea-440a-a85f-b041c9103db5.jpg,ERROR: {"errors":[{"message":"An unexpected error occurred.","extensions":{"code":"INTERNAL_SERVER_ERROR"}}]}
directus-admin/uploads/6b3a53b5-28df-478e-91c0-27599a6ca8fe.png,ERROR: {"errors":[{"message":"An unexpected error occurred.","extensions":{"code":"INTERNAL_SERVER_ERROR"}}]}
directus-admin/uploads/26c7e891-37cb-4947-a1cf-6ac6dc3c53c1__7809681e43a17c0d8ad77890c0e89a2f36978e77.avif,ERROR: {"errors":[{"message":"An unexpected error occurred.","extensions":{"code":"INTERNAL_SERVER_ERROR"}}]}
directus-admin/uploads/3c369dc0-1363-44c0-8aeb-1c36968d8720.jpeg,ERROR: {"errors":[{"message":"An unexpected error occurred.","extensions":{"code":"INTERNAL_SERVER_ERROR"}}]}
directus-admin/uploads/7472106f-3afa-4836-b191-0d1a33f0561e__f15aa4b815722867859d2a3fa46ab50834dfc8dc.avif,ERROR: {"errors":[{"message":"An unexpected error occurred.","extensions":{"code":"INTERNAL_SERVER_ERROR"}}]}
directus-admin/uploads/971bdfdb-e850-42cb-a7c2-e1a7d2093f95.png,ERROR: {"errors":[{"message":"An unexpected error occurred.","extensions":{"code":"INTERNAL_SERVER_ERROR"}}]}
directus-admin/uploads/87663bee-7a2f-48ed-bc6c-53cc3710016f.jpeg,ERROR: {"errors":[{"message":"An unexpected error occurred.","extensions":{"code":"INTERNAL_SERVER_ERROR"}}]}
directus-admin/uploads/2b88c96c-d516-4237-a514-24df128c2779.png,ERROR: {"errors":[{"message":"An unexpected error occurred.","extensions":{"code":"INTERNAL_SERVER_ERROR"}}]}
directus-admin/uploads/ecf13a2d-67b7-4973-bf53-4f49dfd67d2b.png,ERROR: {"errors":[{"message":"An unexpected error occurred.","extensions":{"code":"INTERNAL_SERVER_ERROR"}}]}
directus-admin/uploads/3294b377-44fe-434b-97e6-1a98405f54c0.png,ERROR: {"errors":[{"message":"An unexpected error occurred.","extensions":{"code":"INTERNAL_SERVER_ERROR"}}]}
directus-admin/uploads/4c230c67-568c-46c8-ae08-c6d24a9b331e.png,ERROR: {"errors":[{"message":"An unexpected error occurred.","extensions":{"code":"INTERNAL_SERVER_ERROR"}}]}
directus-admin/uploads/cc1fc9b9-6c54-4098-afbb-34545b1032f0.jpeg,ERROR: {"errors":[{"message":"An unexpected error occurred.","extensions":{"code":"INTERNAL_SERVER_ERROR"}}]}
directus-admin/uploads/93a7d3c5-205e-457c-9a77-c03f07e2e4f4__f15aa4b815722867859d2a3fa46ab50834dfc8dc.avif,ERROR: {"errors":[{"message":"An unexpected error occurred.","extensions":{"code":"INTERNAL_SERVER_ERROR"}}]}
directus-admin/uploads/75385968-40bb-4ae8-97dc-b96bdd2f0c22__f15aa4b815722867859d2a3fa46ab50834dfc8dc.avif,ERROR: {"errors":[{"message":"An unexpected error occurred.","extensions":{"code":"INTERNAL_SERVER_ERROR"}}]}
directus-admin/uploads/c4131db1-ff2f-41ef-9443-6cc97ae01b38__f15aa4b815722867859d2a3fa46ab50834dfc8dc.avif,ERROR: {"errors":[{"message":"An unexpected error occurred.","extensions":{"code":"INTERNAL_SERVER_ERROR"}}]}
directus-admin/uploads/8a6744b3-db9a-4511-8744-32032c9c43e0.jpeg,ERROR: {"errors":[{"message":"An unexpected error occurred.","extensions":{"code":"INTERNAL_SERVER_ERROR"}}]}
directus-admin/uploads/c944e958-df1e-43eb-b41e-26da2b8decd2__f15aa4b815722867859d2a3fa46ab50834dfc8dc.avif,ERROR: {"errors":[{"message":"An unexpected error occurred.","extensions":{"code":"INTERNAL_SERVER_ERROR"}}]}
directus-admin/uploads/9bae7d80-3e36-46a0-83f3-c9a395dc5946.png,ERROR: {"errors":[{"message":"An unexpected error occurred.","extensions":{"code":"INTERNAL_SERVER_ERROR"}}]}
directus-admin/uploads/6abeb275-a5b1-4db4-addd-ed19da0fbfb6.png,ERROR: {"errors":[{"message":"An unexpected error occurred.","extensions":{"code":"INTERNAL_SERVER_ERROR"}}]}
directus-admin/uploads/3abd3984-a25f-438b-9f41-86fae86a6506.png,ERROR: {"errors":[{"message":"An unexpected error occurred.","extensions":{"code":"INTERNAL_SERVER_ERROR"}}]}
directus-admin/uploads/7d603b4a-ac81-4256-a5ea-45e9ef693eb5.png,ERROR: {"errors":[{"message":"An unexpected error occurred.","extensions":{"code":"INTERNAL_SERVER_ERROR"}}]}
directus-admin/uploads/0cdac738-ad58-4e65-b7b1-cbe3b774f63e.jpg,ERROR: {"errors":[{"message":"An unexpected error occurred.","extensions":{"code":"INTERNAL_SERVER_ERROR"}}]}
directus-admin/uploads/fa9feb07-3620-460d-9bd3-fec7e3bf853d__f15aa4b815722867859d2a3fa46ab50834dfc8dc.avif,ERROR: {"errors":[{"message":"An unexpected error occurred.","extensions":{"code":"INTERNAL_SERVER_ERROR"}}]}
directus-admin/uploads/2a1c1411-1964-47bb-9aa1-374b14baf26c.png,ERROR: {"errors":[{"message":"An unexpected error occurred.","extensions":{"code":"INTERNAL_SERVER_ERROR"}}]}
directus-admin/uploads/0647312a-c6c9-42fb-bc28-f24b8cbdf0d4.png,ERROR: {"errors":[{"message":"An unexpected error occurred.","extensions":{"code":"INTERNAL_SERVER_ERROR"}}]}
directus-admin/uploads/7f67127c-de3f-4c50-a0fd-0a72e766f44f.png,ERROR: {"errors":[{"message":"An unexpected error occurred.","extensions":{"code":"INTERNAL_SERVER_ERROR"}}]}
directus-admin/uploads/5547cabb-0856-4e8d-855c-21fbabfe58b9.png,ERROR: {"errors":[{"message":"An unexpected error occurred.","extensions":{"code":"INTERNAL_SERVER_ERROR"}}]}
directus-admin/uploads/dcf5713f-4ec1-449e-989a-2174d237b159.png,ERROR: {"errors":[{"message":"An unexpected error occurred.","extensions":{"code":"INTERNAL_SERVER_ERROR"}}]}
directus-admin/uploads/92902014-c542-48e2-92bf-ecc3a1f118e6.png,ERROR: {"errors":[{"message":"An unexpected error occurred.","extensions":{"code":"INTERNAL_SERVER_ERROR"}}]}
directus-admin/uploads/e7f1095e-78ee-4aec-8a2d-9dafdecd336c__f15aa4b815722867859d2a3fa46ab50834dfc8dc.avif,ERROR: {"errors":[{"message":"An unexpected error occurred.","extensions":{"code":"INTERNAL_SERVER_ERROR"}}]}
directus-admin/uploads/65726c33-233f-4cfe-b9a0-91bdc3b03698.png,ERROR: {"errors":[{"message":"An unexpected error occurred.","extensions":{"code":"INTERNAL_SERVER_ERROR"}}]}
directus-admin/uploads/08f7a53c-58b8-43dc-aeba-800693751582.png,ERROR: {"errors":[{"message":"An unexpected error occurred.","extensions":{"code":"INTERNAL_SERVER_ERROR"}}]}
directus-admin/uploads/0bdf599d-2fa3-43b3-b50c-c3201d04b1ac.png,ERROR: {"errors":[{"message":"An unexpected error occurred.","extensions":{"code":"INTERNAL_SERVER_ERROR"}}]}
directus-admin/uploads/b2cb1c66-a188-47f2-b654-c8b1265abf40.png,ERROR: {"errors":[{"message":"An unexpected error occurred.","extensions":{"code":"INTERNAL_SERVER_ERROR"}}]}
directus-admin/uploads/0d0df0c0-524e-462c-81d0-51d596c2ce45__7809681e43a17c0d8ad77890c0e89a2f36978e77.avif,ERROR: {"errors":[{"message":"An unexpected error occurred.","extensions":{"code":"INTERNAL_SERVER_ERROR"}}]}
directus-admin/uploads/a3339e2c-1629-4249-93ed-aac0d60c2fd5.jpeg,ERROR: {"errors":[{"message":"An unexpected error occurred.","extensions":{"code":"INTERNAL_SERVER_ERROR"}}]}
directus-admin/uploads/36f1117b-166b-489e-a8b8-bda23241904d.png,ERROR: {"errors":[{"message":"An unexpected error occurred.","extensions":{"code":"INTERNAL_SERVER_ERROR"}}]}
directus-admin/uploads/5eb13635-1ee1-42c6-9e1a-1472dc441543__f15aa4b815722867859d2a3fa46ab50834dfc8dc.avif,ERROR: {"errors":[{"message":"An unexpected error occurred.","extensions":{"code":"INTERNAL_SERVER_ERROR"}}]}
directus-admin/uploads/4e066b09-281e-4d25-9c9e-07e39031c0aa.png,ERROR: {"errors":[{"message":"An unexpected error occurred.","extensions":{"code":"INTERNAL_SERVER_ERROR"}}]}
directus-admin/uploads/c20167ca-73c4-4de9-9c8d-7653c9d28815.png,ERROR: {"errors":[{"message":"An unexpected error occurred.","extensions":{"code":"INTERNAL_SERVER_ERROR"}}]}
directus-admin/uploads/822f1623-ede4-4eb7-827e-d49cff441429.png,ERROR: {"errors":[{"message":"An unexpected error occurred.","extensions":{"code":"INTERNAL_SERVER_ERROR"}}]}
directus-admin/uploads/3eac1d5b-db23-469f-95bf-4430a305bc86__f15aa4b815722867859d2a3fa46ab50834dfc8dc.avif,ERROR: {"errors":[{"message":"An unexpected error occurred.","extensions":{"code":"INTERNAL_SERVER_ERROR"}}]}
directus-admin/uploads/23b2e312-e281-4df4-ba8f-2e7ec5cc2dd0.png,ERROR: {"errors":[{"message":"An unexpected error occurred.","extensions":{"code":"INTERNAL_SERVER_ERROR"}}]}
directus-admin/uploads/031ff649-b2cc-4a9d-8759-a8ede2509c45__f15aa4b815722867859d2a3fa46ab50834dfc8dc.avif,ERROR: {"errors":[{"message":"An unexpected error occurred.","extensions":{"code":"INTERNAL_SERVER_ERROR"}}]}
directus-admin/uploads/05e39e92-b71d-49c7-b387-66ce9759c1d7.png,ERROR: {"errors":[{"message":"An unexpected error occurred.","extensions":{"code":"INTERNAL_SERVER_ERROR"}}]}
directus-admin/uploads/40839299-cee9-45d9-8e5d-684fc0b42479.png,ERROR: {"errors":[{"message":"An unexpected error occurred.","extensions":{"code":"INTERNAL_SERVER_ERROR"}}]}
directus-admin/uploads/66b04f17-7227-4660-ad6b-73dec3ea435f.png,ERROR: {"errors":[{"message":"An unexpected error occurred.","extensions":{"code":"INTERNAL_SERVER_ERROR"}}]}
directus-admin/uploads/688542a1-7e5a-4168-9c60-67256197d31c__f15aa4b815722867859d2a3fa46ab50834dfc8dc.avif,ERROR: {"errors":[{"message":"An unexpected error occurred.","extensions":{"code":"INTERNAL_SERVER_ERROR"}}]}
directus-admin/uploads/0b1bab77-9c60-40df-a76e-d06d4449d1f5__f15aa4b815722867859d2a3fa46ab50834dfc8dc.avif,ERROR: {"errors":[{"message":"An unexpected error occurred.","extensions":{"code":"INTERNAL_SERVER_ERROR"}}]}
directus-admin/uploads/8e1a4362-751e-48a8-b672-cd4deac21883__f15aa4b815722867859d2a3fa46ab50834dfc8dc.avif,ERROR: {"errors":[{"message":"An unexpected error occurred.","extensions":{"code":"INTERNAL_SERVER_ERROR"}}]}
directus-admin/uploads/4d213e3a-fd17-4dc2-b20f-d96d48f32ac8__f15aa4b815722867859d2a3fa46ab50834dfc8dc.avif,ERROR: {"errors":[{"message":"An unexpected error occurred.","extensions":{"code":"INTERNAL_SERVER_ERROR"}}]}
directus-admin/uploads/04c9d619-9137-450f-b9c2-8e67c0c4aefb.png,ERROR: {"errors":[{"message":"An unexpected error occurred.","extensions":{"code":"INTERNAL_SERVER_ERROR"}}]}
directus-admin/uploads/d59e1718-38a3-46a7-a5ef-668c51d9f246.png,ERROR: {"errors":[{"message":"An unexpected error occurred.","extensions":{"code":"INTERNAL_SERVER_ERROR"}}]}
directus-admin/uploads/75385968-40bb-4ae8-97dc-b96bdd2f0c22.jpeg,ERROR: {"errors":[{"message":"An unexpected error occurred.","extensions":{"code":"INTERNAL_SERVER_ERROR"}}]}
directus-admin/uploads/91cb522e-a886-4b9f-9f38-3132300b1a39__f15aa4b815722867859d2a3fa46ab50834dfc8dc.avif,ERROR: {"errors":[{"message":"An unexpected error occurred.","extensions":{"code":"INTERNAL_SERVER_ERROR"}}]}
directus-admin/uploads/b555cb14-6664-4148-8ac7-db9c046b9c7f.png,ERROR: {"errors":[{"message":"An unexpected error occurred.","extensions":{"code":"INTERNAL_SERVER_ERROR"}}]}
directus-admin/uploads/193c0ef0-68c6-4501-b9e2-a99b7ab7abdc.png,ERROR: {"errors":[{"message":"An unexpected error occurred.","extensions":{"code":"INTERNAL_SERVER_ERROR"}}]}
directus-admin/uploads/aea7af1b-6216-40d4-8f27-1e8ba37d3f59.png,ERROR: {"errors":[{"message":"An unexpected error occurred.","extensions":{"code":"INTERNAL_SERVER_ERROR"}}]}
directus-admin/uploads/9c827ea9-08b9-4548-acb6-f4f5252446de.png,ERROR: {"errors":[{"message":"An unexpected error occurred.","extensions":{"code":"INTERNAL_SERVER_ERROR"}}]}
directus-admin/uploads/065ed94f-4871-415a-9848-251728d2f0bf.png,ERROR: {"errors":[{"message":"An unexpected error occurred.","extensions":{"code":"INTERNAL_SERVER_ERROR"}}]}
directus-admin/uploads/b64ae907-1ab9-4db6-913e-907c9adc5996.png,ERROR: {"errors":[{"message":"An unexpected error occurred.","extensions":{"code":"INTERNAL_SERVER_ERROR"}}]}
directus-admin/uploads/a63609ba-b8b7-451d-af9c-aa905a674265.png,ERROR: {"errors":[{"message":"An unexpected error occurred.","extensions":{"code":"INTERNAL_SERVER_ERROR"}}]}
directus-admin/uploads/2b2c3a0e-ea25-4b46-9340-7a928fe7786f.png,ERROR: {"errors":[{"message":"An unexpected error occurred.","extensions":{"code":"INTERNAL_SERVER_ERROR"}}]}
directus-admin/uploads/53e47d63-de83-4d95-8996-e5b8430da0e7__f15aa4b815722867859d2a3fa46ab50834dfc8dc.avif,ERROR: {"errors":[{"message":"An unexpected error occurred.","extensions":{"code":"INTERNAL_SERVER_ERROR"}}]}
directus-admin/uploads/0cdac738-ad58-4e65-b7b1-cbe3b774f63e__f15aa4b815722867859d2a3fa46ab50834dfc8dc.avif,ERROR: {"errors":[{"message":"An unexpected error occurred.","extensions":{"code":"INTERNAL_SERVER_ERROR"}}]}
directus-admin/uploads/bca28893-e509-4de7-bc05-e91cb573c6b1.png,ERROR: {"errors":[{"message":"An unexpected error occurred.","extensions":{"code":"INTERNAL_SERVER_ERROR"}}]}
directus-admin/uploads/f874cee7-3c32-4187-a5f1-c93f47563791.jpeg,ERROR: {"errors":[{"message":"An unexpected error occurred.","extensions":{"code":"INTERNAL_SERVER_ERROR"}}]}
directus-admin/uploads/90a7f8d7-1ccf-4d1e-971f-42b837cf5630__f15aa4b815722867859d2a3fa46ab50834dfc8dc.avif,ERROR: {"errors":[{"message":"An unexpected error occurred.","extensions":{"code":"INTERNAL_SERVER_ERROR"}}]}
directus-admin/uploads/a7050d87-34e4-418d-a665-f5eb5f289651.png,ERROR: {"errors":[{"message":"An unexpected error occurred.","extensions":{"code":"INTERNAL_SERVER_ERROR"}}]}
directus-admin/uploads/1d98e2db-a554-4194-be16-8afbbc19b792.png,ERROR: {"errors":[{"message":"An unexpected error occurred.","extensions":{"code":"INTERNAL_SERVER_ERROR"}}]}
directus-admin/uploads/6e626d63-c3ca-4982-8ed3-4a5e75e1b179.png,ERROR: {"errors":[{"message":"An unexpected error occurred.","extensions":{"code":"INTERNAL_SERVER_ERROR"}}]}
directus-admin/uploads/c6bba6b9-fcdd-4b31-92cf-8638f79fb078.png,ERROR: {"errors":[{"message":"An unexpected error occurred.","extensions":{"code":"INTERNAL_SERVER_ERROR"}}]}
directus-admin/uploads/42bf2e43-978b-4d85-af18-5c81c2ac3cb1.png,ERROR: {"errors":[{"message":"An unexpected error occurred.","extensions":{"code":"INTERNAL_SERVER_ERROR"}}]}
directus-admin/uploads/bb600560-5896-4f6f-aeda-f921ad1f1b2e__f15aa4b815722867859d2a3fa46ab50834dfc8dc.avif,ERROR: {"errors":[{"message":"An unexpected error occurred.","extensions":{"code":"INTERNAL_SERVER_ERROR"}}]}
directus-admin/uploads/70ff527e-3151-490e-8cf8-244a85d58567.png,ERROR: {"errors":[{"message":"An unexpected error occurred.","extensions":{"code":"INTERNAL_SERVER_ERROR"}}]}
directus-admin/uploads/a8762970-7d6f-4fcf-b5ed-c5d31d8f8c49__f15aa4b815722867859d2a3fa46ab50834dfc8dc.avif,ERROR: {"errors":[{"message":"An unexpected error occurred.","extensions":{"code":"INTERNAL_SERVER_ERROR"}}]}
directus-admin/uploads/3825d169-f0dd-4a5d-8f7d-fa0609e759ad.png,ERROR: {"errors":[{"message":"An unexpected error occurred.","extensions":{"code":"INTERNAL_SERVER_ERROR"}}]}
directus-admin/uploads/446bec01-fe37-488a-8611-8d436ae3ca06.png,ERROR: {"errors":[{"message":"An unexpected error occurred.","extensions":{"code":"INTERNAL_SERVER_ERROR"}}]}
directus-admin/uploads/e2e2f890-f19a-4568-a98f-efa6a3da1ebd.png,ERROR: {"errors":[{"message":"An unexpected error occurred.","extensions":{"code":"INTERNAL_SERVER_ERROR"}}]}
directus-admin/uploads/6bb4210a-3a3c-4fe4-85da-7667fafa6124.png,ERROR: {"errors":[{"message":"An unexpected error occurred.","extensions":{"code":"INTERNAL_SERVER_ERROR"}}]}
directus-admin/uploads/436e590d-d9f7-4ec6-aa78-d368b67eb200.png,ERROR: {"errors":[{"message":"An unexpected error occurred.","extensions":{"code":"INTERNAL_SERVER_ERROR"}}]}
directus-admin/uploads/405d5f19-ea75-44b7-b992-fbbca0604480.png,ERROR: {"errors":[{"message":"An unexpected error occurred.","extensions":{"code":"INTERNAL_SERVER_ERROR"}}]}
directus-admin/uploads/82049ecd-384f-4dc5-ab5c-cfa36d664278__f15aa4b815722867859d2a3fa46ab50834dfc8dc.avif,ERROR: {"errors":[{"message":"An unexpected error occurred.","extensions":{"code":"INTERNAL_SERVER_ERROR"}}]}
directus-admin/uploads/f11cd421-7d70-48ca-b8b5-7e7db89ffb76__7abd30a2f63f675625d6888e2ed9d65992751e3c.avif,ERROR: {"errors":[{"message":"An unexpected error occurred.","extensions":{"code":"INTERNAL_SERVER_ERROR"}}]}
directus-admin/uploads/1faa9b89-78d8-4221-b7dc-90742eecc3f1.png,ERROR: {"errors":[{"message":"An unexpected error occurred.","extensions":{"code":"INTERNAL_SERVER_ERROR"}}]}
directus-admin/uploads/af9bc5cf-9764-45de-8ea0-4a72b74e6f2b.png,ERROR: {"errors":[{"message":"An unexpected error occurred.","extensions":{"code":"INTERNAL_SERVER_ERROR"}}]}
directus-admin/uploads/ef374ce6-ee67-4ed3-9760-2fb88765262e.png,ERROR: {"errors":[{"message":"An unexpected error occurred.","extensions":{"code":"INTERNAL_SERVER_ERROR"}}]}
directus-admin/uploads/ff6fa6ed-1a34-4ace-8ab5-710bbe513983__f15aa4b815722867859d2a3fa46ab50834dfc8dc.avif,ERROR: {"errors":[{"message":"An unexpected error occurred.","extensions":{"code":"INTERNAL_SERVER_ERROR"}}]}
directus-admin/uploads/ee913a3e-c623-461f-a578-69ea4180d3fa.png,ERROR: {"errors":[{"message":"An unexpected error occurred.","extensions":{"code":"INTERNAL_SERVER_ERROR"}}]}
directus-admin/uploads/b11616fa-44c6-4b0e-8aaf-6f57801c0e20.png,ERROR: {"errors":[{"message":"An unexpected error occurred.","extensions":{"code":"INTERNAL_SERVER_ERROR"}}]}
directus-admin/uploads/af30c7d0-af28-4e61-852f-1159a7e48c91.png,ERROR: {"errors":[{"message":"An unexpected error occurred.","extensions":{"code":"INTERNAL_SERVER_ERROR"}}]}
directus-admin/uploads/18b5f4e3-4bc8-485d-a01c-8cbd53e25f4d.jpg,ERROR: {"errors":[{"message":"An unexpected error occurred.","extensions":{"code":"INTERNAL_SERVER_ERROR"}}]}
directus-admin/uploads/32bd5c02-0b44-4e56-ad00-c0e0fbf8dc8e.png,ERROR: {"errors":[{"message":"An unexpected error occurred.","extensions":{"code":"INTERNAL_SERVER_ERROR"}}]}
directus-admin/uploads/a2944d55-2858-43aa-a053-9cabe254567e.png,ERROR: {"errors":[{"message":"An unexpected error occurred.","extensions":{"code":"INTERNAL_SERVER_ERROR"}}]}
directus-admin/uploads/3d412e34-61f5-4525-bf80-265f111f6462.png,ERROR: {"errors":[{"message":"An unexpected error occurred.","extensions":{"code":"INTERNAL_SERVER_ERROR"}}]}
directus-admin/uploads/b956d189-63c2-49ad-b7be-fd5fa4a89b39.png,ERROR: {"errors":[{"message":"An unexpected error occurred.","extensions":{"code":"INTERNAL_SERVER_ERROR"}}]}
directus-admin/uploads/c4131db1-ff2f-41ef-9443-6cc97ae01b38.png,ERROR: {"errors":[{"message":"An unexpected error occurred.","extensions":{"code":"INTERNAL_SERVER_ERROR"}}]}
directus-admin/uploads/d39724aa-768f-432b-8fc3-cd3b50072a88.png,ERROR: {"errors":[{"message":"An unexpected error occurred.","extensions":{"code":"INTERNAL_SERVER_ERROR"}}]}
directus-admin/uploads/194d6794-0e9d-4e24-900b-380cefb2c0be__7809681e43a17c0d8ad77890c0e89a2f36978e77.avif,ERROR: {"errors":[{"message":"An unexpected error occurred.","extensions":{"code":"INTERNAL_SERVER_ERROR"}}]}
directus-admin/uploads/7f3dfb16-0883-4fec-97d2-c84573f15ec0.png,ERROR: {"errors":[{"message":"An unexpected error occurred.","extensions":{"code":"INTERNAL_SERVER_ERROR"}}]}
directus-admin/uploads/2995ea83-1553-4504-9ae7-ef81e5dffce0__f15aa4b815722867859d2a3fa46ab50834dfc8dc.avif,ERROR: {"errors":[{"message":"An unexpected error occurred.","extensions":{"code":"INTERNAL_SERVER_ERROR"}}]}
directus-admin/uploads/ba89d0b2-8c58-4a36-8b41-32d7b389adb1.jpeg,ERROR: {"errors":[{"message":"An unexpected error occurred.","extensions":{"code":"INTERNAL_SERVER_ERROR"}}]}
directus-admin/uploads/248c5c29-8f10-4673-a4d7-73dd8542a532__f15aa4b815722867859d2a3fa46ab50834dfc8dc.avif,ERROR: {"errors":[{"message":"An unexpected error occurred.","extensions":{"code":"INTERNAL_SERVER_ERROR"}}]}
directus-admin/uploads/01ba0f29-393f-48a8-9a6d-fbef12c9a40e.png,ERROR: {"errors":[{"message":"An unexpected error occurred.","extensions":{"code":"INTERNAL_SERVER_ERROR"}}]}
directus-admin/uploads/4c105228-f45b-4b77-9bdc-8c76483b8967__f15aa4b815722867859d2a3fa46ab50834dfc8dc.avif,ERROR: {"errors":[{"message":"An unexpected error occurred.","extensions":{"code":"INTERNAL_SERVER_ERROR"}}]}
directus-admin/uploads/82a73dfa-04c1-4b47-b894-0ee752fc5f88.png,ERROR: {"errors":[{"message":"An unexpected error occurred.","extensions":{"code":"INTERNAL_SERVER_ERROR"}}]}
directus-admin/uploads/97a00346-e834-4802-aa36-b3fb5e617fce__f15aa4b815722867859d2a3fa46ab50834dfc8dc.avif,ERROR: {"errors":[{"message":"An unexpected error occurred.","extensions":{"code":"INTERNAL_SERVER_ERROR"}}]}
directus-admin/uploads/85240efd-6cc0-49d2-a705-6fcbfcb0dbec.png,ERROR: {"errors":[{"message":"An unexpected error occurred.","extensions":{"code":"INTERNAL_SERVER_ERROR"}}]}
directus-admin/uploads/d330446d-32de-4a19-b957-d36998daa6f9.png,ERROR: {"errors":[{"message":"An unexpected error occurred.","extensions":{"code":"INTERNAL_SERVER_ERROR"}}]}
directus-admin/uploads/c8d068b2-8741-4938-b34c-ca8d3116301a.png,ERROR: {"errors":[{"message":"An unexpected error occurred.","extensions":{"code":"INTERNAL_SERVER_ERROR"}}]}
directus-admin/uploads/a45f0c17-87a2-4122-b2f5-6ebb22b74873__af089102d88a9ed1da1c19933f895a1ecbe0a4c4.jpeg,ERROR: {"errors":[{"message":"An unexpected error occurred.","extensions":{"code":"INTERNAL_SERVER_ERROR"}}]}
directus-admin/uploads/54f09bb1-9012-4540-81f2-7b7fd2388377.jpeg,ERROR: {"errors":[{"message":"An unexpected error occurred.","extensions":{"code":"INTERNAL_SERVER_ERROR"}}]}
directus-admin/uploads/f2a65085-e6ad-49fc-a123-1b5dc19fc7ab__7809681e43a17c0d8ad77890c0e89a2f36978e77.avif,ERROR: {"errors":[{"message":"An unexpected error occurred.","extensions":{"code":"INTERNAL_SERVER_ERROR"}}]}
directus-admin/uploads/0d0df0c0-524e-462c-81d0-51d596c2ce45__f15aa4b815722867859d2a3fa46ab50834dfc8dc.avif,ERROR: {"errors":[{"message":"An unexpected error occurred.","extensions":{"code":"INTERNAL_SERVER_ERROR"}}]}
directus-admin/uploads/528e3c52-15ee-4c2b-b207-1c2ab2d50bf8.png,ERROR: {"errors":[{"message":"An unexpected error occurred.","extensions":{"code":"INTERNAL_SERVER_ERROR"}}]}
directus-admin/uploads/cf8e4ed5-6ff6-40e7-aeca-dae8dca8caf9.png,ERROR: {"errors":[{"message":"An unexpected error occurred.","extensions":{"code":"INTERNAL_SERVER_ERROR"}}]}
directus-admin/uploads/24f5e29b-cac6-44d3-bcef-e1f218ed6016.png,ERROR: {"errors":[{"message":"An unexpected error occurred.","extensions":{"code":"INTERNAL_SERVER_ERROR"}}]}
directus-admin/uploads/f592b56e-6f65-4c97-b618-2eb5877ced55.jpeg,ERROR: {"errors":[{"message":"An unexpected error occurred.","extensions":{"code":"INTERNAL_SERVER_ERROR"}}]}
directus-admin/uploads/c9a9df00-911a-4a49-802f-339405100275.png,ERROR: {"errors":[{"message":"An unexpected error occurred.","extensions":{"code":"INTERNAL_SERVER_ERROR"}}]}
directus-admin/uploads/cc64c966-9e2a-4d78-a6b4-1700e636131a.png,ERROR: {"errors":[{"message":"An unexpected error occurred.","extensions":{"code":"INTERNAL_SERVER_ERROR"}}]}
directus-admin/uploads/4e683da3-f294-4622-8a07-0ffc5d3fd57e.png,ERROR: {"errors":[{"message":"An unexpected error occurred.","extensions":{"code":"INTERNAL_SERVER_ERROR"}}]}
directus-admin/uploads/c4718ae7-e578-45a2-8392-0688f1f7a369.png,ERROR: {"errors":[{"message":"An unexpected error occurred.","extensions":{"code":"INTERNAL_SERVER_ERROR"}}]}
directus-admin/uploads/a06aaeea-9708-445c-9cbd-3cb78e1feffa.png,ERROR: {"errors":[{"message":"An unexpected error occurred.","extensions":{"code":"INTERNAL_SERVER_ERROR"}}]}
directus-admin/uploads/dbfc5868-9ed1-4b66-b019-b50137d7e13f.png,ERROR: {"errors":[{"message":"An unexpected error occurred.","extensions":{"code":"INTERNAL_SERVER_ERROR"}}]}
directus-admin/uploads/4ffcefb0-6cb8-4cfa-a748-bd4c3da1d716.jpg,ERROR: {"errors":[{"message":"An unexpected error occurred.","extensions":{"code":"INTERNAL_SERVER_ERROR"}}]}
directus-admin/uploads/efe8deda-d559-4d30-840b-a2e0ae69fd55.png,ERROR: {"errors":[{"message":"An unexpected error occurred.","extensions":{"code":"INTERNAL_SERVER_ERROR"}}]}
directus-admin/uploads/54f09bb1-9012-4540-81f2-7b7fd2388377__f15aa4b815722867859d2a3fa46ab50834dfc8dc.avif,ERROR: {"errors":[{"message":"An unexpected error occurred.","extensions":{"code":"INTERNAL_SERVER_ERROR"}}]}
directus-admin/uploads/05896eff-f746-495a-9102-a44326e7d9df__f15aa4b815722867859d2a3fa46ab50834dfc8dc.avif,ERROR: {"errors":[{"message":"An unexpected error occurred.","extensions":{"code":"INTERNAL_SERVER_ERROR"}}]}
directus-admin/uploads/2183147f-b4a4-4c35-96f5-b72d4a8c890e.png,ERROR: {"errors":[{"message":"An unexpected error occurred.","extensions":{"code":"INTERNAL_SERVER_ERROR"}}]}
directus-admin/uploads/f476c6cf-ea9f-49c8-bcdd-08e0c6b691f9.png,ERROR: {"errors":[{"message":"An unexpected error occurred.","extensions":{"code":"INTERNAL_SERVER_ERROR"}}]}
directus-admin/uploads/1a1b2d3b-9789-4d42-b314-c1f786b3f5c5.png,ERROR: {"errors":[{"message":"An unexpected error occurred.","extensions":{"code":"INTERNAL_SERVER_ERROR"}}]}
directus-admin/uploads/e423b263-bfe4-4b80-8f2e-e42dd30efd16.png,ERROR: {"errors":[{"message":"An unexpected error occurred.","extensions":{"code":"INTERNAL_SERVER_ERROR"}}]}
directus-admin/uploads/ff6fa6ed-1a34-4ace-8ab5-710bbe513983.jpg,ERROR: {"errors":[{"message":"An unexpected error occurred.","extensions":{"code":"INTERNAL_SERVER_ERROR"}}]}
directus-admin/uploads/5008eab1-6fa8-415d-8f11-9d7bd816335f.png,ERROR: {"errors":[{"message":"An unexpected error occurred.","extensions":{"code":"INTERNAL_SERVER_ERROR"}}]}
directus-admin/uploads/5b35ee8c-e860-413a-9caa-44d11ced0a32.png,ERROR: {"errors":[{"message":"An unexpected error occurred.","extensions":{"code":"INTERNAL_SERVER_ERROR"}}]}
directus-admin/uploads/dbbdf7d4-1ef9-4a0d-b59d-d53fd86493ff.png,ERROR: {"errors":[{"message":"An unexpected error occurred.","extensions":{"code":"INTERNAL_SERVER_ERROR"}}]}
directus-admin/uploads/47732c77-abab-47ba-8c86-8165875f7193.png,ERROR: {"errors":[{"message":"An unexpected error occurred.","extensions":{"code":"INTERNAL_SERVER_ERROR"}}]}
directus-admin/uploads/4a5807f8-976a-4925-a83f-58628ecddb38.png,ERROR: {"errors":[{"message":"An unexpected error occurred.","extensions":{"code":"INTERNAL_SERVER_ERROR"}}]}
directus-admin/uploads/73f62700-5769-4c6c-9ce5-86e23490303d.png,ERROR: {"errors":[{"message":"An unexpected error occurred.","extensions":{"code":"INTERNAL_SERVER_ERROR"}}]}
directus-admin/uploads/1c0cad4c-2c83-42c6-b2b6-160a62599504.png,ERROR: {"errors":[{"message":"An unexpected error occurred.","extensions":{"code":"INTERNAL_SERVER_ERROR"}}]}
directus-admin/uploads/6ee7cfac-2c67-4da7-88ce-c333be0c87db.png,ERROR: {"errors":[{"message":"An unexpected error occurred.","extensions":{"code":"INTERNAL_SERVER_ERROR"}}]}
directus-admin/uploads/ccc32af0-df52-4e6e-8ca0-9660dddec095.png,ERROR: {"errors":[{"message":"An unexpected error occurred.","extensions":{"code":"INTERNAL_SERVER_ERROR"}}]}
directus-admin/uploads/77db653b-add7-4666-9659-610e6635b1b2.png,ERROR: {"errors":[{"message":"An unexpected error occurred.","extensions":{"code":"INTERNAL_SERVER_ERROR"}}]}
directus-admin/uploads/b555cb14-6664-4148-8ac7-db9c046b9c7f__f15aa4b815722867859d2a3fa46ab50834dfc8dc.avif,ERROR: {"errors":[{"message":"An unexpected error occurred.","extensions":{"code":"INTERNAL_SERVER_ERROR"}}]}
directus-admin/uploads/a3de9d25-49b5-4462-a28a-e57de5cb3cef.png,ERROR: {"errors":[{"message":"An unexpected error occurred.","extensions":{"code":"INTERNAL_SERVER_ERROR"}}]}
directus-admin/uploads/a04ae899-4d71-4124-8a73-c343894d1cd8.png,ERROR: {"errors":[{"message":"An unexpected error occurred.","extensions":{"code":"INTERNAL_SERVER_ERROR"}}]}
directus-admin/uploads/8e1a4362-751e-48a8-b672-cd4deac21883__7809681e43a17c0d8ad77890c0e89a2f36978e77.avif,ERROR: {"errors":[{"message":"An unexpected error occurred.","extensions":{"code":"INTERNAL_SERVER_ERROR"}}]}
directus-admin/uploads/d71744a5-5b53-42ee-8378-2becf5d07a0d.png,ERROR: {"errors":[{"message":"An unexpected error occurred.","extensions":{"code":"INTERNAL_SERVER_ERROR"}}]}
directus-admin/uploads/1eebfc24-43a4-4951-9efe-7f3ca7288d4b.png,ERROR: {"errors":[{"message":"An unexpected error occurred.","extensions":{"code":"INTERNAL_SERVER_ERROR"}}]}
directus-admin/uploads/06ccb067-aec7-49a3-a4e5-6c8000109470__f15aa4b815722867859d2a3fa46ab50834dfc8dc.avif,ERROR: {"errors":[{"message":"An unexpected error occurred.","extensions":{"code":"INTERNAL_SERVER_ERROR"}}]}
directus-admin/uploads/f11c185b-df95-4fbd-a6fe-4e1564e7a721.png,ERROR: {"errors":[{"message":"An unexpected error occurred.","extensions":{"code":"INTERNAL_SERVER_ERROR"}}]}
directus-admin/uploads/21e799fb-2ce1-4c52-b900-d997866eb284.jpeg,ERROR: {"errors":[{"message":"An unexpected error occurred.","extensions":{"code":"INTERNAL_SERVER_ERROR"}}]}
directus-admin/uploads/b66a6f79-4cad-4436-82ff-2fc780d461b8.png,ERROR: {"errors":[{"message":"An unexpected error occurred.","extensions":{"code":"INTERNAL_SERVER_ERROR"}}]}
directus-admin/uploads/af9e41d4-ac50-4754-8ee7-ba0be11463d9.png,ERROR: {"errors":[{"message":"An unexpected error occurred.","extensions":{"code":"INTERNAL_SERVER_ERROR"}}]}
directus-admin/uploads/45fedc71-8b5f-4c88-825d-1969993d9f57.png,ERROR: {"errors":[{"message":"An unexpected error occurred.","extensions":{"code":"INTERNAL_SERVER_ERROR"}}]}
directus-admin/uploads/0486df93-2ea9-4c7c-aada-f2a33848c308.png,ERROR: {"errors":[{"message":"An unexpected error occurred.","extensions":{"code":"INTERNAL_SERVER_ERROR"}}]}
directus-admin/uploads/726c14c2-7e50-43cb-b104-4b213c0a2678.png,ERROR: {"errors":[{"message":"An unexpected error occurred.","extensions":{"code":"INTERNAL_SERVER_ERROR"}}]}
directus-admin/uploads/ab6affa0-6def-4385-a132-79bf07b31471.png,ERROR: {"errors":[{"message":"An unexpected error occurred.","extensions":{"code":"INTERNAL_SERVER_ERROR"}}]}
directus-admin/uploads/22424180-a7cd-4906-bf21-61561d4ae807.png,ERROR: {"errors":[{"message":"An unexpected error occurred.","extensions":{"code":"INTERNAL_SERVER_ERROR"}}]}
directus-admin/uploads/f11cd421-7d70-48ca-b8b5-7e7db89ffb76__af089102d88a9ed1da1c19933f895a1ecbe0a4c4.jpeg,ERROR: {"errors":[{"message":"An unexpected error occurred.","extensions":{"code":"INTERNAL_SERVER_ERROR"}}]}
directus-admin/uploads/dae66a4b-6db0-4f7e-b00d-5d6f7b1dcbb9.png,ERROR: {"errors":[{"message":"An unexpected error occurred.","extensions":{"code":"INTERNAL_SERVER_ERROR"}}]}
directus-admin/uploads/3a487652-7458-49fc-abc5-dc79c26999bd__f15aa4b815722867859d2a3fa46ab50834dfc8dc.avif,ERROR: {"errors":[{"message":"An unexpected error occurred.","extensions":{"code":"INTERNAL_SERVER_ERROR"}}]}
directus-admin/uploads/c10aae82-f9d3-495c-adbf-a25e442808f6.png,ERROR: {"errors":[{"message":"An unexpected error occurred.","extensions":{"code":"INTERNAL_SERVER_ERROR"}}]}
directus-admin/uploads/5e2dee17-000c-422f-9325-d42a2793b9bc__af089102d88a9ed1da1c19933f895a1ecbe0a4c4.jpeg,ERROR: {"errors":[{"message":"An unexpected error occurred.","extensions":{"code":"INTERNAL_SERVER_ERROR"}}]}
directus-admin/uploads/89ee0d10-29c2-4ec2-8d41-ee90a0cb917f.png,ERROR: {"errors":[{"message":"An unexpected error occurred.","extensions":{"code":"INTERNAL_SERVER_ERROR"}}]}
directus-admin/uploads/f94eb4db-3273-48aa-9e7b-e2fe109fd75e.png,ERROR: {"errors":[{"message":"An unexpected error occurred.","extensions":{"code":"INTERNAL_SERVER_ERROR"}}]}
directus-admin/uploads/cc4c93d5-c387-4fe6-bad0-a2cd61210f0e__f15aa4b815722867859d2a3fa46ab50834dfc8dc.avif,ERROR: 
directus-admin/uploads/fe6aa93b-0639-47a4-9c65-6bbdecc5c1e7.png,ERROR: 
directus-admin/uploads/ff6fa6ed-1a34-4ace-8ab5-710bbe513983__7809681e43a17c0d8ad77890c0e89a2f36978e77.avif,ERROR: 
directus-admin/uploads/6f8d5303-d3de-4b38-9ac3-42f98b6b0ed3.png,ERROR: 
directus-admin/uploads/17a20efc-e5e2-46c3-b8e8-ba443ea23b3b.png,ERROR: 
directus-admin/uploads/f874cee7-3c32-4187-a5f1-c93f47563791__f15aa4b815722867859d2a3fa46ab50834dfc8dc.avif,ERROR: 
directus-admin/uploads/75cb0076-ed57-4624-ba5f-31ac2ab978ba.png,ERROR: 
directus-admin/uploads/8c541681-4900-4950-befd-8a51f1c8da34.jpeg,ERROR: 
directus-admin/uploads/270c3a49-992d-4431-81bb-ccf02510c2ac.png,ERROR: 
directus-admin/uploads/07040970-d519-4a63-89cb-56aa757021c7.png,ERROR: 
directus-admin/uploads/26c7a1b3-9b99-4530-b591-f34547000f0c.png,ERROR: 
directus-admin/uploads/60ce405f-cebb-4bad-8a94-67228c606644.png,ERROR: 
directus-admin/uploads/b287bd16-e6ae-49df-b96b-15a570514dcb.png,ERROR: 
directus-admin/uploads/47e32146-c741-4d8b-9251-2db36d5f6ad7.jpeg,ERROR: 
directus-admin/uploads/2995ea83-1553-4504-9ae7-ef81e5dffce0__7809681e43a17c0d8ad77890c0e89a2f36978e77.avif,ERROR: 
directus-admin/uploads/bb7af1ba-3162-4aa6-9359-7d53b4f8fcd0__f15aa4b815722867859d2a3fa46ab50834dfc8dc.avif,ERROR: 
directus-admin/uploads/b14cf1b2-0c45-4003-a9ce-d91fe4007122.png,ERROR: 
directus-admin/uploads/194d6794-0e9d-4e24-900b-380cefb2c0be__f15aa4b815722867859d2a3fa46ab50834dfc8dc.avif,ERROR: 
directus-admin/uploads/24fca9c9-bad6-4e2d-9d91-f8a8257b31d7.png,ERROR: 
directus-admin/uploads/34ca3354-f613-46a6-87d0-6936d2777183.png,ERROR: 
directus-admin/uploads/a46f0307-4d4a-45a6-a8fd-046abe4bf887__f15aa4b815722867859d2a3fa46ab50834dfc8dc.avif,ERROR: 
directus-admin/uploads/7c95427d-6d90-46a1-a840-f8151ef54224.png,ERROR: 
directus-admin/uploads/ac30e9a2-1ff4-4d67-93ae-97117991616f.png,ERROR: 
directus-admin/uploads/1c108317-1563-4cb1-8e63-8bff914729e4.png,ERROR: 
directus-admin/uploads/688542a1-7e5a-4168-9c60-67256197d31c.jpg,ERROR: 
directus-admin/uploads/f103d200-debc-4018-903c-93c6bb4766ba.png,ERROR: 
directus-admin/uploads/f2a65085-e6ad-49fc-a123-1b5dc19fc7ab__f15aa4b815722867859d2a3fa46ab50834dfc8dc.avif,ERROR: 
directus-admin/uploads/b7b5defb-667e-4785-b836-0a39e4b63b7b.png,ERROR: 
directus-admin/uploads/06ccb067-aec7-49a3-a4e5-6c8000109470.jpg,ERROR: 
directus-admin/uploads/8a6744b3-db9a-4511-8744-32032c9c43e0__f15aa4b815722867859d2a3fa46ab50834dfc8dc.avif,ERROR: 
directus-admin/uploads/64658620-7e24-4303-8add-b695142dc6c0.png,ERROR: 
directus-admin/uploads/f1b4ac73-8916-41e1-9e5d-abdb75a7e5b5.png,ERROR: 
