directus-admin/uploads/eed85b8a-88b1-4284-a9ec-4296ac609f8c.png,693b9d32-2541-454b-8214-f6446ec51d4b
directus-admin/uploads/3434db62-22a7-4b6e-ab99-e7d224d9ff5a.png,53d7a43b-5dea-47df-9cc8-081d6a8edc8b
directus-admin/uploads/1eb2c469-7660-4961-b377-106b28685e53.png,7409a8da-11f4-412c-b61c-df7a7c11b3b5
directus-admin/uploads/d5cf0c4b-a549-4956-953e-651a9a47bdaa.png,ac5c3a32-5892-4fc9-b85d-15476e3d3c15
directus-admin/uploads/df3b5c3d-2ea6-45ae-94bd-6fad25ca776f.png,a4be0d1c-59c0-4cc5-85d1-73b21ecfb318
directus-admin/uploads/fd7f66e3-11e2-4828-9b24-7fe27789783d.png,fd2d86bb-77f8-49b5-ab08-fe2d68d75eb3
directus-admin/uploads/dc717c0c-158a-4cb5-ae93-f416d9161187.png,659d90d4-fce9-4f03-bef9-d6b8d94111bd
directus-admin/uploads/c624fcce-0b08-4d21-a067-72ace0a50f72.png,eeafbbb7-a376-4dd5-90de-fa768d364e6c
directus-admin/uploads/c87c4446-b647-4bfa-8fa0-ef1f43c1d119.jpg,51703a81-af96-4c44-bad9-cfc8ad1a7ada
directus-admin/uploads/f7372eb4-31ef-44a8-b989-3bd55dd6ce15.jpeg,86820d77-a72d-482f-b37e-a48fab47617b
directus-admin/uploads/84756497-d749-4ec8-8dcc-8e12c12b2030.png,40d29aca-a4bf-4dbd-9bad-ab25dfe0909e
directus-admin/uploads/9ad54568-ccf9-455e-a7a3-f0ae3e927236.png,5145a667-819c-4f82-a1f6-cf255b0652a1
directus-admin/uploads/4e07533d-adcf-4752-bdee-77f49a6b3435.png,530c6de7-581e-4bac-98b2-45750b315c93
directus-admin/uploads/098d7b8e-cddd-46e5-8ec7-ba356d9e360a.png,70b26535-44d8-4eb3-b65d-c4c1584583d1
directus-admin/uploads/71e8a118-3c33-4c4b-96d2-2d7696a99777.png,de64e12e-b114-47e3-ae3c-92470e18055a
directus-admin/uploads/c53edbf8-a32b-423f-8d6c-d189458e353e.png,1f630033-afb7-4621-8543-1a4316cbbe48
directus-admin/uploads/4981f2f1-2fc7-4d3c-bde0-6122904a7d9d.png,12522b57-298e-40a7-ae3f-d7e94ea02327
directus-admin/uploads/151eff19-b0cf-444d-9545-89f4ad8bf322.png,b681531b-18ef-4d2d-88fb-48c5671d0959
directus-admin/uploads/55e5f6ab-bddd-4492-8db6-651f05e80011.png,2a99b706-101c-4350-9481-f25578aef2f3
directus-admin/uploads/b87c9d0b-2bc6-4b7f-9b0b-c342492e249b.png,61ae4538-1ea0-4316-a5a8-e5f0dbc41b53
directus-admin/uploads/e4dcdc5e-9f4a-4235-bf7e-b716a8f2a701.png,5c8d83db-6078-43c7-821d-efbdc42a589f
directus-admin/uploads/cac6004a-d8ca-46c4-8b29-16c3db05e5bb.png,ba9b937f-a325-4c2c-bd7e-f6e5fbcfbb63
directus-admin/uploads/b788b6f6-5739-4cd2-b6df-340327213871.jpeg,9787e17b-6ea2-44fc-bff2-4b945d3f0c1e
directus-admin/uploads/d764d34c-e1c4-4b8a-a076-5755656e1bcf.jpeg,6924a618-7d60-470f-830c-d94140d86233
directus-admin/uploads/edf9a946-7f30-4d3e-a352-8c2fe6b142cf.png,874ca829-8985-4a1c-b841-df791402423a
directus-admin/uploads/1252c697-fc9b-4545-950c-9b6bc1ec3610__f15aa4b815722867859d2a3fa46ab50834dfc8dc.avif,39bedd9a-e312-4954-8fb8-efac8909175f
directus-admin/uploads/cece3210-cd18-4935-9562-f6a6bd05d60e.png,2c34121a-92f6-48e3-8cdf-cacc54472ee1
directus-admin/uploads/7cd54977-bce3-4a7b-816c-76e643f33541.png,53de08c4-9fbb-4496-9f49-da2ffe2504f2
directus-admin/uploads/d3637dec-2009-4e51-bc7c-c45d31e6734e.png,a75f28ab-490a-457b-bb99-273484d8c1de
directus-admin/uploads/565ce00f-7a75-4d82-b909-66d905a08dd5.png,23467ff5-12eb-41c5-a6eb-0a9c03a87ba0
directus-admin/uploads/7c4d6309-43bf-42f7-aa1b-638663959689.png,84d41311-dc40-4deb-9957-d90e299f99db
directus-admin/uploads/27795e2f-5513-438e-956e-6fce967c4ae9.png,c6baa10c-8c77-4b1d-917c-c57976f9585f
directus-admin/uploads/f9409bb8-2f85-483f-ae72-4007145a8320.png,65a865cc-1d79-4d70-aeb8-0dc8f0c486c5
directus-admin/uploads/3698d186-c6c7-4307-8b13-a973ae5acc83.png,bc10f96a-90fb-4c7f-9569-871346aeb450
directus-admin/uploads/40e78415-6634-48ca-8ddf-09dbba2f39d8__f15aa4b815722867859d2a3fa46ab50834dfc8dc.avif,39af7a56-565a-440f-9f35-106915975df0
directus-admin/uploads/ea16435d-e50c-405b-a349-c5e0c01a6996.png,46efb01a-cf13-4d77-b9c6-13972b79d901
directus-admin/uploads/8330e41d-7364-4bd6-a99c-c18530fcfdcc.png,970d1e8f-838a-4add-b7f6-a7c56d006552
directus-admin/uploads/b08eb0dd-0a46-4818-acb1-2ea914335f5b.png,a45922f6-8930-4080-a84d-f4a6ae5cb23e
directus-admin/uploads/246a8c4a-5cb7-4af9-9a0c-cc01ecf21512.png,e73a45dd-ec50-495c-9257-1d39fd6a06cc
directus-admin/uploads/0b1bab77-9c60-40df-a76e-d06d4449d1f5.jpg,94edb6e3-8606-4e9c-a16b-6a50b4aa53db
directus-admin/uploads/a792c1dc-9dff-4e7d-bdfb-a287f05212a6__7809681e43a17c0d8ad77890c0e89a2f36978e77.avif,125a8217-d3be-46fe-8e6f-6cfc1fbe4e12
directus-admin/uploads/bf18ef5b-67d7-43c7-b8b1-df13670a3a9f.png,eeaaac97-6728-44fd-ba18-c1d15b3a974e
directus-admin/uploads/5e2dee17-000c-422f-9325-d42a2793b9bc.jpeg,01324d45-2898-4dcd-8cca-4e343cd9ccba
directus-admin/uploads/cc0992ba-397a-41d7-999c-260f9456dfa9.png,2c5eab08-0100-4842-890f-6cc1d1f96362
directus-admin/uploads/cc4c93d5-c387-4fe6-bad0-a2cd61210f0e.png,b1fad217-1c3e-471b-9831-7abbb2ae25b8
directus-admin/uploads/b8d9e71b-ef81-4ba6-8ece-e90aa889445b__f15aa4b815722867859d2a3fa46ab50834dfc8dc.avif,a3eee697-6605-4d18-bf4e-d69819a23525
directus-admin/uploads/b788b6f6-5739-4cd2-b6df-340327213871__f15aa4b815722867859d2a3fa46ab50834dfc8dc.avif,efe8edaa-359c-425b-b99c-8cc1e2b177b9
directus-admin/uploads/2a94d1c7-20ab-448d-8803-955bf8ed4a66.jpeg,8a9599ef-19ae-4181-a77f-cb217738407e
directus-admin/uploads/9c094b3d-a4c4-475b-805b-771331157490.png,6e788c52-9648-4e18-95e9-3008c612e621
directus-admin/uploads/b8245e4c-61e5-4ae2-b966-2cd4ee78c358__f15aa4b815722867859d2a3fa46ab50834dfc8dc.avif,c392a3d2-f98f-4ab7-9005-f073ece6ce38
directus-admin/uploads/b1a91d79-c979-4067-b78a-2cd97166fbcd.png,b76ac08e-69e7-4572-88b6-7d8745072c02
directus-admin/uploads/2738fcad-ece3-4f58-9195-b9727e32aa91.png,b10aee08-5128-436c-96cc-2c06e7947186
directus-admin/uploads/f30990e3-88c2-4ef1-83b6-468553a6fbca.png,1470b66b-85a7-4ab5-8847-d3fe82ad8191
directus-admin/uploads/34f3cc85-3448-4a4f-93d4-85e8a86b453d.png,4791c66d-72bc-43dc-8b00-47af2b0b0e14
directus-admin/uploads/5e2dee17-000c-422f-9325-d42a2793b9bc__f15aa4b815722867859d2a3fa46ab50834dfc8dc.avif,f2d39fca-0c9a-4d28-b85e-aecc7e8c2540
directus-admin/uploads/13d817c5-6347-4f63-8f13-67dd6653cc1a.jpeg,61cb15b5-9cfe-459a-a907-40b0ad0e2b74
directus-admin/uploads/f11cd421-7d70-48ca-b8b5-7e7db89ffb76__f15aa4b815722867859d2a3fa46ab50834dfc8dc.avif,b4370076-4a66-4e49-95b4-c95dcaa92eeb
directus-admin/uploads/bf676f29-aa91-4309-9cee-6ad378c19343__f15aa4b815722867859d2a3fa46ab50834dfc8dc.avif,07ed8e0c-344b-4cbd-83a0-5184f9f88f8a
directus-admin/uploads/946b7e85-4427-4cdd-a7e7-ed4102765c47.png,7a32a759-dfbc-46a5-acdf-09f8ee054f8b
directus-admin/uploads/ab6affa0-6def-4385-a132-79bf07b31471__f15aa4b815722867859d2a3fa46ab50834dfc8dc.avif,3d845728-5ba9-4275-9152-1ead64b5aeab
directus-admin/uploads/f814df89-72d1-4ef3-ab97-4af93a3b0450.png,d8264219-1341-4db1-ae24-cf8ed73ab276
directus-admin/uploads/6d96a37b-1fe9-4e88-8678-837dd40fa500.png,0e7cd0e6-b9ee-4193-aa6e-d044c1a5d4c5
directus-admin/uploads/04b06acf-831b-4b1d-bf74-ce6422fb5abb.png,b995032f-eab9-453f-ae4e-502d5c210e48
directus-admin/uploads/fdcf8662-e950-41ba-8ec3-3bcad69b5979.jpeg,cbef83b5-7167-423a-a468-33eb9f068a35
directus-admin/uploads/fde2506e-c51e-4fdd-99b1-6854cc9434f3.png,eca96413-004f-4efe-8d53-f013900daf32
directus-admin/uploads/ebfdb911-826d-4e9c-b049-2c80ef0689a8.png,bd3ff0a9-7fbe-412a-93d0-a4129ef35a6c
directus-admin/uploads/47e32146-c741-4d8b-9251-2db36d5f6ad7__f15aa4b815722867859d2a3fa46ab50834dfc8dc.avif,b5f980cd-49f8-4c60-bc2a-33ddc4467d66
directus-admin/uploads/f3bffb50-ba98-4e4b-8b06-f2f1396cfe3d.png,e4f046d9-ffb3-4b70-8aee-7682d88c37ed
directus-admin/uploads/afc9fcd6-2c4c-4822-92f2-2d595b342336.png,cbf40100-7d16-4c28-81e8-37d4ebd9cc1f
directus-admin/uploads/84338ebd-2099-486a-9d1e-55c5063177fb.png,0f4b0448-a88f-4830-9365-c61786dbf2cc
directus-admin/uploads/a45f0c17-87a2-4122-b2f5-6ebb22b74873__7809681e43a17c0d8ad77890c0e89a2f36978e77.avif,f6cfacc8-feb8-4222-b3d8-91bcc976ba6d
directus-admin/uploads/6cf8bf4d-86ae-457f-aa0a-01518a719f7e__f15aa4b815722867859d2a3fa46ab50834dfc8dc.avif,db7dc17d-8c26-4272-aefc-f14f57230e3e
directus-admin/uploads/13d817c5-6347-4f63-8f13-67dd6653cc1a__f15aa4b815722867859d2a3fa46ab50834dfc8dc.avif,f356d0af-07d7-4a22-ae1b-1536a533ff20
directus-admin/uploads/c924ac2c-27ec-4384-8708-3ec447085ef4.png,133c01db-a3f8-4f3a-ba2e-d38bee018643
directus-admin/uploads/3e816615-2849-4b17-b231-a7884f831884.png,3789ca05-21bf-44cc-9fa2-55c8176f0452
directus-admin/uploads/dc6d6069-23af-4d75-ae5a-38c830bf2b85.jpg,fce92da0-8d67-441f-a7d5-4e5dceb890b8
directus-admin/uploads/f778209c-93a8-493e-a914-502028372f53.png,1522cc64-a673-465d-b1ff-8df909c50aaa
directus-admin/uploads/d0e082c8-ba81-4bff-9ff9-71a34248079d.png,7db02516-6cf5-420a-a42b-518ede152eb0
directus-admin/uploads/a5a611fe-ac01-48f4-a68f-b6db5129ea8c.png,c35e3d89-19a9-4766-8cd0-797c03a854c9
directus-admin/uploads/4274f40d-5286-4ae3-82af-9acbe1be54a5__f15aa4b815722867859d2a3fa46ab50834dfc8dc.avif,05ac2e4b-9043-4274-93e4-b27048340e14
directus-admin/uploads/9865d3a7-69a0-4af6-94a5-406ca7763695.png,ae7960b0-900a-43bf-a2d2-163845f592a2
directus-admin/uploads/4d255a5c-d8e4-4218-a182-7340fe367a2a__f15aa4b815722867859d2a3fa46ab50834dfc8dc.avif,7aa57940-c289-4b4f-afa3-5da6353920ff
directus-admin/uploads/681f3794-bd54-4c57-8d7b-47e3bfde9165.png,b833826c-144b-4380-9884-55ed22b3f86f
directus-admin/uploads/d8d8bf08-52d6-40fb-9cd2-ec99dfb494c0.png,8b58a419-8f67-4271-b61f-a01211fa9d2b
directus-admin/uploads/285168cf-4d41-48d8-95e1-8d49bdcbeed8.png,da6ab229-433e-42a9-aff6-ba940c2755d4
directus-admin/uploads/32d70f64-66b8-4793-b5a7-4f2fa76af666.png,91929693-182e-4446-b34c-f5593d65e6f2
directus-admin/uploads/726c14c2-7e50-43cb-b104-4b213c0a2678__f15aa4b815722867859d2a3fa46ab50834dfc8dc.avif,7decc6cf-5bff-4cd9-97e9-56e1c1cc9950
directus-admin/uploads/bf497917-4c62-424d-a5ee-c1e6a5efdd1a.png,770681fe-f58b-424c-a1bd-d6ffc40858d3
directus-admin/uploads/d8b5e20d-74cb-4cec-a698-33f580a2c4d2.png,e73c0359-38ab-499d-a21a-a7e2f831ab31
directus-admin/uploads/7d03848b-2541-4f33-bf1b-a59c56397de6.png,88d3a884-cec1-4b16-9d2a-d16061ee1943
directus-admin/uploads/45036ef3-0630-4a90-8da8-33c2ebecfc85.png,a7dcba34-a220-412e-acfa-66cc0e92a805
directus-admin/uploads/40e78415-6634-48ca-8ddf-09dbba2f39d8.jpeg,d7f26c9d-e6e3-4d3a-b27d-b4dc47aef1b2
directus-admin/uploads/e66ebe1f-df7f-4a49-bb12-1dad680b8f18.png,82b4c61d-0686-4856-8c16-bc4e2977f487
directus-admin/uploads/494c2763-9578-4204-bdeb-600fcd549ac9.png,2348eae3-f5dd-4e4a-b122-f6d652777285
directus-admin/uploads/64d2bd64-28ef-4987-b0c8-6f7466d4c160.png,ec56b22e-d58c-4966-a445-6c0aa5a4531a
directus-admin/uploads/a0cce2bb-a2c0-4c56-9378-cd4c0ab58995.png,5551b4e3-28a8-4503-ae7a-2fbc829e9d8b
directus-admin/uploads/abaa8511-598d-4e70-ad44-29de20640a08.png,04045748-5fae-476e-a075-c8d7e7654e2f
directus-admin/uploads/b97dc111-36a0-4984-80f4-e0b41eddc5d5.png,c0ebe3df-fd0c-474a-8685-c4b676b42eb0
directus-admin/uploads/57c87849-848e-4e7e-b91f-1ce8866bac88.png,0a8cf4d4-7604-419d-9b1e-f619cd16c9e9
directus-admin/uploads/5c44e3ec-b9cb-4a9d-8bf8-93e396bf853c.png,6d8a07e1-9f4b-4b4b-aa7d-1ecd7d5667f1
directus-admin/uploads/267b619b-0e33-4a14-80b8-65f3b2122adf__f15aa4b815722867859d2a3fa46ab50834dfc8dc.avif,3d200249-aeb3-450a-b23c-0a99f8c3ca68
directus-admin/uploads/e6f6adbe-3afa-4f01-8f79-dbbccb9bc990.png,cafa7a40-5c03-4173-aa06-1cdff97f9db8
directus-admin/uploads/495373ba-f3eb-4d9e-8faf-08fdfd82e7fa.png,38cf2a84-d1a8-4b76-a9bb-4cbcd7dcc409
directus-admin/uploads/e7f01cf9-190f-4ac4-84d7-7022cb8761d1.png,69e16db6-9526-42b9-8ec4-14c019ae9236
directus-admin/uploads/4afd6936-b8f7-486a-adc0-2c3682130706.jpeg,49fd1327-09de-4dd9-950e-902f2d70bab9
directus-admin/uploads/bf9b1a67-468e-443b-9ace-0047e4ad768c.png,4a0a63c4-4d21-4915-b70c-89bf98d0f925
directus-admin/uploads/7bfcce00-cf48-463c-b50c-ddc1cf52a7a3.png,b66ea09f-6789-4495-8f9a-05e90b4f7e24
directus-admin/uploads/b07da565-fc6d-4eb2-ab3a-d42c4326a969.jpeg,c50889ba-7ac7-48f8-9576-fa9fa9b6ce55
directus-admin/uploads/7e47028d-5d5a-44b8-8bb8-faced49e1219.png,60a90073-08a1-4135-8924-100319b17fb0
directus-admin/uploads/702d1c57-65f3-43aa-97a5-bec5b7592740.png,bae89182-107d-4f61-ac42-62abe54a2991
directus-admin/uploads/500ec8ff-c9e9-414f-89d0-0344eba2cfe3__f15aa4b815722867859d2a3fa46ab50834dfc8dc.avif,52ee4023-fc46-4af2-a96f-e5115cf264b2
directus-admin/uploads/a8c4dc69-e527-40df-8309-5121e892a03b.png,97d244c1-a987-4b0d-b0bf-449c624332ca
directus-admin/uploads/bd2732ad-79ec-41e1-a235-b734c88420c6.pdf,031da089-cdc2-48b5-b02e-77d07f02d25b
directus-admin/uploads/f2ae8f05-1cdf-491c-aea8-e5ca6f639dde.png,809de33a-ec1f-4af4-9ca2-19b8948ff5d3
directus-admin/uploads/e59aa528-a261-422e-aeac-9bb86bc88059.png,488bb8b9-7869-4900-81f1-40b74b373474
directus-admin/uploads/bffe09cc-7d2d-4cf3-80f5-fb94b39f8d89.jpg,32413678-9de9-4d34-8bf1-ea5bb4a5522c
directus-admin/uploads/02fcdf14-17f1-4d58-9063-5f6634b8b993.jpeg,8193ee24-d95a-4d6f-a3c9-a4b28fb0ccd8
directus-admin/uploads/d4b63015-8e1b-42cf-b676-d5fd73270986.png,d9d0744c-8ec6-42fe-bea1-2ac819f74d57
directus-admin/uploads/551aba62-c019-48a4-84af-4f43c7bb6460.png,70bacb96-ff2a-405e-9869-ef3054935ca0
directus-admin/uploads/4597de78-750d-49ca-b846-7d946f2ede93.png,11552bb2-85e0-457b-a1c1-099cc5816fc8
directus-admin/uploads/5650723d-d11a-4d49-a0ae-44fa6b9d4f4c.png,1b815754-452a-4823-99ef-43fd9895956d
directus-admin/uploads/4c3c0053-f006-4b9f-8cec-cc3aea5a6baa.png,5ef66544-f20a-4c65-a0f7-e5b9de9ee623
directus-admin/uploads/20e83dd0-b198-4827-936a-009b6b25eb8d.png,168322c6-d270-4f4e-ab2c-eba14bbec344
directus-admin/uploads/bf676f29-aa91-4309-9cee-6ad378c19343.png,b6fe9e1f-c58c-4655-bc19-c4affde581b6
directus-admin/uploads/00173f5c-435f-4df0-9ec6-209c67d15539.png,9797246c-bfd5-4606-bc4d-e7edf641cff5
directus-admin/uploads/a6a4102b-ca68-49e4-bb4f-fc67c7df9ba1.png,25b7450b-f2e8-447c-8454-39ad9182061a
directus-admin/uploads/66301384-0861-4d1c-bd77-7d8604db9901.png,a6f3ebf8-0cc4-436d-a844-a8fde1a86050
directus-admin/uploads/3d2397ef-cab6-4360-be0a-26b6c242018d.png,3906c3a9-7344-4a55-b4dc-65c3662352db
directus-admin/uploads/3c9963e9-9009-4671-9d15-f0a09f776c83.jpeg,ce1ac5c4-2109-4fa5-b91a-1eec7551a2d2
directus-admin/uploads/49601042-4965-4099-be3b-569a833846f2.png,688fe525-f05b-4cfd-b388-09385102f567
directus-admin/uploads/581becb6-a759-411c-9646-6ad694dab1ce.png,ac3755e3-4985-4f1c-a456-0ee9ccf36602
directus-admin/uploads/445ddded-ea7e-4671-a453-4b7124a8ed35.png,2efab1c4-e0f9-426d-8915-85e86adc7e27
directus-admin/uploads/a792c1dc-9dff-4e7d-bdfb-a287f05212a6__f15aa4b815722867859d2a3fa46ab50834dfc8dc.avif,4d1f9399-8568-4936-b259-1879a41b0e37
directus-admin/uploads/f592b56e-6f65-4c97-b618-2eb5877ced55__e0f944f860d62e8af8c442d1e6eb009d16ae326b.jpeg,7cc90ce0-ed99-43ff-9006-58a9c52c4d10
directus-admin/uploads/5e2dee17-000c-422f-9325-d42a2793b9bc__7809681e43a17c0d8ad77890c0e89a2f36978e77.avif,66eca1e8-b47f-4de5-ba9f-6c376d2fd8ca
directus-admin/uploads/6a871407-7834-4460-af18-b041b2d937e5.png,197fdccb-117e-4d8f-8b88-2a2cac4c8a04
directus-admin/uploads/6c5cc573-9404-4b28-af65-6198e9f3ae9a.png,0ed36949-f732-4dc3-83e4-1fd976df9f80
directus-admin/uploads/584340d0-395b-47e0-a5b2-352f35ab6c29.png,d8c24704-81bc-4fbd-b18c-8f440a021bfb
directus-admin/uploads/2ee71997-dafc-4435-8c0b-e59ee68b9d17.png,5d0545c6-8d6f-4c18-bbe1-0561db2f4987
directus-admin/uploads/850e9b39-6b2f-4c62-83c0-ecfde6fa7035__f15aa4b815722867859d2a3fa46ab50834dfc8dc.avif,c337ba22-7dd3-4d8b-b207-c00b98e8b396
directus-admin/uploads/f11cd421-7d70-48ca-b8b5-7e7db89ffb76__7809681e43a17c0d8ad77890c0e89a2f36978e77.avif,dada33c8-e075-48f7-a4da-5ea2831d8f86
